control,dataset,asset_group,session_def,B_weekday,n_eligible,n_trigger,touches,hit_rate,ci95_lo,ci95_hi,base_rate_all,opposite_rate,uplift_vs_opposite,uplift_ci_lo,uplift_ci_hi,fisher_p,cohens_h,logit_beta_controlled,logit_z_controlled,n,recon_accuracy,observed_uplift,shuffle_mean,shuffle_sd,shuffle_p,shuffle_q95,randtrig_mean,randtrig_sd
adjacent_weekday_down,Dukascopy_1m,COMMOD,RTH,Mon,1634.0,834.0,424.0,0.5083932853717026,0.47450343224379277,0.5422061729596853,0.4865361077111383,0.46375,0.04464328537170259,-0.0038228439777497347,0.09280827760880092,0.07478791172612616,0.08935102294245523,-0.019659956135668566,-0.18729843619227568,,,,,,,,,
adjacent_weekday_down,Dukascopy_1m,CRYPTO,RTH,Mon,483.0,227.0,104.0,0.4581497797356828,0.3945685556180855,0.5231238723492917,0.4472049689440994,0.4375,0.020649779735682827,-0.06763370226423115,0.10868429540710851,0.71387220430655,0.04152935032395355,-0.025363437940000726,-0.13133876297089597,,,,,,,,,
adjacent_weekday_down,Dukascopy_1m,FX,RTH,Mon,3324.0,1736.0,949.0,0.5466589861751152,0.5231639197200053,0.5699480125073182,0.5108303249097473,0.4716624685138539,0.07499651766126131,0.040985521417366305,0.10876633433184843,1.649247406402415e-05,0.15015939269799006,0.13457738214353548,1.8475374038112695,,,,,,,,,
adjacent_weekday_down,Dukascopy_1m,US_INDEX,RTH,Mon,1067.0,460.0,228.0,0.4956521739130435,0.4501875917699734,0.541188772019995,0.46016869728209936,0.4332784184514003,0.0623737554616432,0.002003539668011013,0.12224994403400655,0.04720384815239973,0.12514664771378858,0.0487186395737208,0.3497643438129784,,,,,,,,,
upside_symmetry,Dukascopy_1m,COMMOD,RTH,Mon,1634.0,946.0,541.0,0.5718816067653277,0.540122392754176,0.6030593969403434,0.5348837209302325,0.48401162790697677,0.08786997885835096,0.03885993780141308,0.136369128441077,0.0005245087588862254,0.17624528591130972,0.05641335703818491,0.5161795466136258,,,,,,,,,
upside_symmetry,Dukascopy_1m,CRYPTO,RTH,Mon,483.0,276.0,143.0,0.5181159420289855,0.4593234825705985,0.5764110366894921,0.4824016563146998,0.43478260869565216,0.08333333333333331,-0.006643556946021742,0.17119412389258254,0.08044179802914957,0.16704731205306267,0.17754977343858436,0.920269583216565,,,,,,,,,
upside_symmetry,Dukascopy_1m,FX,RTH,Mon,3324.0,1890.0,1033.0,0.5465608465608466,0.5240452002364997,0.5688876052949603,0.5228640192539109,0.4916317991631799,0.054929047397666686,0.020638453591266537,0.08906207773788583,0.0018055768936008562,0.10999399059152504,0.04103528082196133,0.5545524344913133,,,,,,,,,
upside_symmetry,Dukascopy_1m,US_INDEX,RTH,Mon,1067.0,670.0,413.0,0.6164179104477612,0.5790338688457743,0.6524745935053242,0.5838800374882849,0.5289672544080605,0.0874506560397007,0.02614470499215566,0.14840309598665885,0.00572074701726444,0.1770256664013914,-0.24777410584393744,-1.6013985881176074,,,,,,,,,
placebo_wrong_direction,Dukascopy_1m,COMMOD,RTH,Mon,1634.0,834.0,428.0,0.513189448441247,0.4792845839060615,0.5469733671279756,0.5348837209302325,0.5575,-0.044310551558752964,-0.09237029994831229,0.004055690776839586,0.07431638083120186,-0.0888730425508708,-0.06423607911514412,-0.6076580579880411,,,,,,,,,
placebo_wrong_direction,Dukascopy_1m,CRYPTO,RTH,Mon,483.0,227.0,104.0,0.4581497797356828,0.3945685556180855,0.5231238723492917,0.4824016563146998,0.50390625,-0.04575647026431717,-0.1336842575351078,0.04326262534078153,0.31761132028549843,-0.09161106031915422,-0.11263369688468489,-0.5997709146755533,,,,,,,,,
placebo_wrong_direction,Dukascopy_1m,FX,RTH,Mon,3324.0,1736.0,876.0,0.5046082949308756,0.48110477535185797,0.5280914648681245,0.5228640192539109,0.5428211586901763,-0.038212863759300775,-0.07206929995493161,-0.004221429086742751,0.028551984633623538,-0.0765306362057212,-0.07861301750498442,-1.0777342120784474,,,,,,,,,
placebo_wrong_direction,Dukascopy_1m,US_INDEX,RTH,Mon,1067.0,460.0,272.0,0.591304347826087,0.5458045844669124,0.6352917759437504,0.5838800374882849,0.5782537067545305,0.013050641071556512,-0.046664128981414074,0.07227576908880856,0.7067847939943217,0.026485619272348382,0.4304558883513632,3.0609283663691826,,,,,,,,,
adjacent_weekday_down,Dukascopy_1m,COMMOD,RTH,Tue,1667.0,770.0,374.0,0.4857142857142857,0.4505711790039501,0.520999225050742,0.4589082183563287,0.4358974358974359,0.049816849816849806,0.0018434859312488547,0.09752455629815684,0.043370635024363266,0.09998364277213279,-0.008734710799386385,-0.08366461847845158,,,,,,,,,
adjacent_weekday_down,Dukascopy_1m,CRYPTO,RTH,Tue,485.0,249.0,119.0,0.4779116465863454,0.41667623817611044,0.5398182384366005,0.43917525773195876,0.3983050847457627,0.07960656184058268,-0.008685581701911263,0.166060921688409,0.08256278066328748,0.16062779296402674,0.00860219473368006,0.043550929447672235,,,,,,,,,
adjacent_weekday_down,Dukascopy_1m,FX,RTH,Tue,3336.0,1591.0,868.0,0.5455688246385921,0.5210218020428783,0.5698963260243595,0.5110911270983214,0.4796561604584527,0.06591266418013941,0.03195847121221819,0.09964651905234806,0.00015657695816698565,0.13196320293935204,0.030604873343477428,0.4140094439977138,,,,,,,,,
adjacent_weekday_down,Dukascopy_1m,US_INDEX,RTH,Tue,1108.0,463.0,226.0,0.48812095032397407,0.4428755374322494,0.533561859478069,0.4359205776173285,0.3984496124031008,0.08967133792087328,0.03040717850464488,0.14831742587923327,0.003205263492677176,0.18076332941403983,0.162711976562276,1.225489413047809,,,,,,,,,
upside_symmetry,Dukascopy_1m,COMMOD,RTH,Tue,1667.0,861.0,534.0,0.6202090592334495,0.5873246615302558,0.6520255660620559,0.5608878224355129,0.4975186104218362,0.12269044881161328,0.07506657998980501,0.1695660082657052,4.6922103515882996e-07,0.24775938029629985,0.15591894859926644,1.4456322434836781,,,,,,,,,
upside_symmetry,Dukascopy_1m,CRYPTO,RTH,Tue,485.0,268.0,147.0,0.5485074626865671,0.4886609303637539,0.6069830531286593,0.5030927835051546,0.4470046082949309,0.10150285439163625,0.012037653647361618,0.1886808078281308,0.028575277688438393,0.20335800024313122,0.08931754044633389,0.45429134448599995,,,,,,,,,
upside_symmetry,Dukascopy_1m,FX,RTH,Tue,3336.0,1630.0,951.0,0.5834355828220859,0.5593340499413276,0.607144771202267,0.5497601918465228,0.5175849941383353,0.0658505886837506,0.03208685593868292,0.09939122567907024,0.000147404867889884,0.13247823990079066,-0.02077257601861368,-0.27770328616999185,,,,,,,,,
upside_symmetry,Dukascopy_1m,US_INDEX,RTH,Tue,1108.0,595.0,394.0,0.6621848739495798,0.6232492120655934,0.6990397630165214,0.5821299638989169,0.48927875243664715,0.17290612151293266,0.11476702722196269,0.22955163856534916,6.2166552650736855e-09,0.35178951303955186,0.19503963123015491,1.3590177986438952,,,,,,,,,
placebo_wrong_direction,Dukascopy_1m,COMMOD,RTH,Tue,1667.0,770.0,412.0,0.535064935064935,0.49974883993638786,0.5700328955657317,0.5608878224355129,0.5830546265328874,-0.0479896914679524,-0.09554312692892222,-0.00021441766569816473,0.05354490539842928,-0.09669530245642988,-0.04841627871743147,-0.4529568080197142,,,,,,,,,
placebo_wrong_direction,Dukascopy_1m,CRYPTO,RTH,Tue,485.0,249.0,131.0,0.5261044176706827,0.46416033027849646,0.5872552882701179,0.5030927835051546,0.4788135593220339,0.04729085834864882,-0.04146263746845627,0.1350047528475038,0.318210263007912,0.09461815405014407,0.4542689478867969,2.2888094186095427,,,,,,,,,
placebo_wrong_direction,Dukascopy_1m,FX,RTH,Tue,3336.0,1591.0,852.0,0.535512256442489,0.5109494013602418,0.5599040363749159,0.5497601918465228,0.5627507163323783,-0.027238459889889266,-0.060964662984995234,0.006553551996780031,0.11704205085515997,-0.05474888141819911,0.022667020765523602,0.3040841100367477,,,,,,,,,
placebo_wrong_direction,Dukascopy_1m,US_INDEX,RTH,Tue,1108.0,463.0,248.0,0.5356371490280778,0.49010244743122244,0.5805853618378228,0.5821299638989169,0.6155038759689923,-0.07986672694091446,-0.13838405209270774,-0.020929332598596917,0.00800516632713532,-0.161778540888031,-0.02424147145939351,-0.17576898478443104,,,,,,,,,
adjacent_weekday_down,Dukascopy_1m,COMMOD,RTH,Wed,1662.0,732.0,360.0,0.4918032786885246,0.45572439235900875,0.5279677469515,0.46690734055354993,0.44731182795698926,0.04449145073153532,-0.0038054095125795093,0.09256557561007661,0.07471256240745656,0.08917816761888586,-0.16498955141199587,-1.5395251071668652,,,,,,,,,
adjacent_weekday_down,Dukascopy_1m,CRYPTO,RTH,Wed,483.0,239.0,124.0,0.5188284518828452,0.45568811424151334,0.5813731027504555,0.4803312629399586,0.4426229508196721,0.07620550106317309,-0.012801080041794435,0.16353994438285982,0.1015348896360336,0.15267326853743146,0.07877482186719566,0.4096796196146504,,,,,,,,,
adjacent_weekday_down,Dukascopy_1m,FX,RTH,Wed,3324.0,1499.0,799.0,0.5330220146764509,0.5077135620721617,0.5581616501259946,0.48676293622142,0.4487671232876712,0.08425489138877973,0.05012198025898513,0.1181182461637534,1.4756116498245712e-06,0.16873804362282296,0.07298278648371212,0.9823061625252623,,,,,,,,,
adjacent_weekday_down,Dukascopy_1m,US_INDEX,RTH,Wed,1104.0,462.0,252.0,0.5454545454545454,0.4998616586855831,0.5902977704608168,0.48188405797101447,0.43613707165109034,0.10931747380345508,0.049561336025772194,0.16801061724953276,0.00039440797027830144,0.2191104936307975,0.18054643506539128,1.3634824249234896,,,,,,,,,
upside_symmetry,Dukascopy_1m,COMMOD,RTH,Wed,1662.0,896.0,467.0,0.5212053571428571,0.48847515465650215,0.5537545066104966,0.4861612515042118,0.4451697127937337,0.07603564434912341,0.027837003055246723,0.12371025071344993,0.0022633017903650526,0.15230499688750965,-0.15645606694526698,-1.4168183058690162,,,,,,,,,
upside_symmetry,Dukascopy_1m,CRYPTO,RTH,Wed,483.0,271.0,128.0,0.47232472324723246,0.41368871341689006,0.5317343677137265,0.43685300207039335,0.3915094339622642,0.08081528928496828,-0.00827523820328925,0.16756385270418692,0.07970671075842652,0.16334200126247223,0.05984319969498865,0.3021232830707199,,,,,,,,,
upside_symmetry,Dukascopy_1m,FX,RTH,Wed,3324.0,1623.0,852.0,0.5249537892791127,0.500628473186478,0.5491612586652769,0.48074608904933813,0.4385655496766608,0.08638823960245195,0.05243102361095705,0.12006806261745413,6.769386141353795e-07,0.1731084936565288,0.08742954430369586,1.1732405171814102,,,,,,,,,
upside_symmetry,Dukascopy_1m,US_INDEX,RTH,Wed,1104.0,621.0,368.0,0.5925925925925926,0.5534929762988965,0.6305537100670295,0.5244565217391305,0.43685300207039335,0.1557395905221992,0.0964575106002527,0.21352205988304673,3.204084585893276e-07,0.3128924675199407,-0.02120682007822802,-0.14743532538158582,,,,,,,,,
placebo_wrong_direction,Dukascopy_1m,COMMOD,RTH,Wed,1662.0,732.0,338.0,0.46174863387978143,0.42592713821650424,0.49796951189920274,0.4861612515042118,0.5053763440860215,-0.04362771020624007,-0.09169064325992934,0.004762937369368593,0.08361821220833773,-0.08733044903594789,0.030667639713542673,0.280217468002858,,,,,,,,,
placebo_wrong_direction,Dukascopy_1m,CRYPTO,RTH,Wed,483.0,239.0,106.0,0.4435146443514644,0.38191797263556904,0.5068983763885246,0.43685300207039335,0.430327868852459,0.013186775499005432,-0.07472973228983588,0.1008586276467484,0.7837662264274992,0.026586787897978637,0.055396206328599776,0.27963892229948695,,,,,,,,,
placebo_wrong_direction,Dukascopy_1m,FX,RTH,Wed,3324.0,1499.0,711.0,0.4743162108072048,0.44913605525733813,0.49962766858854046,0.48074608904933813,0.486027397260274,-0.011711186453069178,-0.04577140308806403,0.022406827103530154,0.5076094051376612,-0.023441351252663,0.061737288810698225,0.8169625837729709,,,,,,,,,
placebo_wrong_direction,Dukascopy_1m,US_INDEX,RTH,Wed,1104.0,462.0,214.0,0.46320346320346323,0.4182244885555774,0.5087893068973368,0.5244565217391305,0.5685358255451713,-0.10533236234170812,-0.16408059749549078,-0.04559456201684254,0.0006203452445275814,-0.21116421820377362,-0.044622129265716466,-0.3257013759667011,,,,,,,,,
adjacent_weekday_down,Dukascopy_1m,COMMOD,RTH,Thu,1662.0,849.0,359.0,0.42285041224970554,0.39004090713277156,0.45635492805429095,0.42478941034897716,0.4268142681426814,-0.003963855892975876,-0.051403991752706234,0.04346984313665457,0.8817071921572018,-0.008018868418491643,-0.28702817675647635,-2.6945229770894956,,,,,,,,,
adjacent_weekday_down,Dukascopy_1m,CRYPTO,RTH,Thu,487.0,275.0,125.0,0.45454545454545453,0.3967246504247556,0.5136186675820692,0.4455852156057495,0.4339622641509434,0.02058319039451112,-0.06814808071671231,0.10838264509040373,0.7130984073179787,0.041427725420192685,-0.29320744703794516,-1.439896419031457,,,,,,,,,
adjacent_weekday_down,Dukascopy_1m,FX,RTH,Thu,3336.0,1734.0,898.0,0.5178777393310265,0.49434536360027515,0.5413310783935034,0.49550359712230213,0.4712858926342072,0.04659184669681932,0.012632924753767406,0.08039697468513834,0.007615991319029552,0.09322292971770252,-0.06050957904466091,-0.8219856403402799,,,,,,,,,
adjacent_weekday_down,Dukascopy_1m,US_INDEX,RTH,Thu,1100.0,520.0,256.0,0.49230769230769234,0.4495519421913777,0.5351762616090431,0.4290909090909091,0.3724137931034483,0.11989389920424404,0.06130106786381393,0.1774358073451468,7.192510616180241e-05,0.2426407935469117,0.23507802603335226,1.7599369717198745,,,,,,,,,
upside_symmetry,Dukascopy_1m,COMMOD,RTH,Thu,1662.0,892.0,485.0,0.5437219730941704,0.5109175719908368,0.5761514057082764,0.5228640192539109,0.4987012987012987,0.04502067439287166,-0.00312088923971824,0.09289802875274589,0.06863384177003562,0.0901531761140939,-0.23189848515913045,-2.1074898750704496,,,,,,,,,
upside_symmetry,Dukascopy_1m,CRYPTO,RTH,Thu,487.0,253.0,115.0,0.45454545454545453,0.39432624511961273,0.5161243491668153,0.45585215605749485,0.45726495726495725,-0.00271950271950272,-0.09060037977087465,0.08510901113869637,1.0,-0.005460287229645422,-0.44546962180230093,-2.188584102425066,,,,,,,,,
upside_symmetry,Dukascopy_1m,FX,RTH,Thu,3336.0,1713.0,886.0,0.517221249270286,0.4935455276297407,0.5408199052976115,0.49010791366906475,0.4614910659272951,0.0557301833429909,0.021792226461744495,0.08948415510461685,0.001431644232808291,0.11154352587848604,-0.08513587118610613,-1.1404893674800307,,,,,,,,,
upside_symmetry,Dukascopy_1m,US_INDEX,RTH,Thu,1100.0,571.0,365.0,0.6392294220665499,0.5990308984693292,0.6775671053110411,0.5509090909090909,0.4555765595463138,0.18365286252023605,0.1250752935918552,0.24049488460998025,1.17778776781524e-09,0.3711533010237418,-0.0008681845983584402,-0.005854043838908147,,,,,,,,,
placebo_wrong_direction,Dukascopy_1m,COMMOD,RTH,Thu,1662.0,849.0,466.0,0.5488810365135454,0.5152638171209419,0.5820579056231331,0.5228640192539109,0.4956949569495695,0.05318607956397586,0.005153542728004931,0.10088235927547487,0.030774499671302365,0.10652866467985667,0.3942979605072117,3.6097621410564518,,,,,,,,,
placebo_wrong_direction,Dukascopy_1m,CRYPTO,RTH,Thu,487.0,275.0,127.0,0.4618181818181818,0.40382652851779643,0.5208618586079363,0.45585215605749485,0.4481132075471698,0.013704974271011972,-0.07511374034988667,0.10183443184725707,0.7836228193541892,0.027522699197333855,0.3157977364715115,1.5655828952143978,,,,,,,,,
placebo_wrong_direction,Dukascopy_1m,FX,RTH,Thu,3336.0,1734.0,845.0,0.4873125720876586,0.4638403141751954,0.5108409205388972,0.49010791366906475,0.49313358302122345,-0.005821010933564852,-0.03972797897475493,0.02810113764723697,0.7550973053717305,-0.011644314046625137,0.14457172802430734,1.9426675494300767,,,,,,,,,
placebo_wrong_direction,Dukascopy_1m,US_INDEX,RTH,Thu,1100.0,520.0,265.0,0.5096153846153846,0.46673554269695544,0.5523542025525189,0.5509090909090909,0.5879310344827586,-0.07831564986737405,-0.13651514650918722,-0.019430060642869257,0.010746794155821804,-0.15754946220722044,0.11228543323973748,0.8090958042737418,,,,,,,,,
adjacent_weekday_down,Dukascopy_1m,COMMOD,RTH,Fri,1629.0,785.0,359.0,0.4573248407643312,0.42276756834871054,0.4922977476906316,0.42173112338858193,0.3886255924170616,0.06869924834726959,0.020695632075784745,0.1163123892733933,0.005740938297189467,0.13917893853342544,0.06641164677249627,0.6274586361633515,,,,,,,,,
adjacent_weekday_down,Dukascopy_1m,CRYPTO,RTH,Fri,482.0,262.0,104.0,0.3969465648854962,0.33960286530416206,0.45726854730562894,0.42946058091286304,0.4681818181818182,-0.07123525329632202,-0.1586039656856244,0.017313895700028004,0.11768629135610989,-0.14391533726943728,-0.44486771471582526,-2.3103428111352917,,,,,,,,,
adjacent_weekday_down,Dukascopy_1m,FX,RTH,Fri,3336.0,1697.0,752.0,0.4431349440188568,0.41965503019171,0.46687172455131,0.43105515587529974,0.4185478950579622,0.024587048960894586,-0.009021403769705193,0.05810543558565089,0.16190517960988773,0.0496567476293901,-0.09427297011759157,-1.2866133175508232,,,,,,,,,
adjacent_weekday_down,Dukascopy_1m,US_INDEX,RTH,Fri,1085.0,490.0,229.0,0.4673469387755102,0.4235957920001688,0.5116060841719597,0.3797235023041475,0.30756302521008405,0.15978391356542615,0.10169203390318399,0.21667649404030812,8.519535998938304e-08,0.3297186157629919,0.3946553355918647,2.8709901173183594,,,,,,,,,
upside_symmetry,Dukascopy_1m,COMMOD,RTH,Fri,1629.0,929.0,511.0,0.55005382131324,0.5179223168940728,0.5817730805613226,0.4910988336402701,0.41285714285714287,0.13719667845609712,0.08830390210599158,0.18510259843883675,4.662164546791343e-08,0.2754559405061574,0.20960815856672838,1.896340625165911,,,,,,,,,
upside_symmetry,Dukascopy_1m,CRYPTO,RTH,Fri,482.0,268.0,154.0,0.5746268656716418,0.5147911365794566,0.6323534534088715,0.533195020746888,0.48130841121495327,0.09331845445668852,0.0037268260343792103,0.181018077132158,0.04368866134435602,0.18720539758368226,0.08015407074790622,0.40571901890611023,,,,,,,,,
upside_symmetry,Dukascopy_1m,FX,RTH,Fri,3336.0,1684.0,847.0,0.5029691211401425,0.4791092744493063,0.5268154526319843,0.47781774580335734,0.45217917675544794,0.05078994438469453,0.016888371609868877,0.08452469759943063,0.0035902508311299094,0.10172633802224285,-0.09651509806688113,-1.2923500982062661,,,,,,,,,
upside_symmetry,Dukascopy_1m,US_INDEX,RTH,Fri,1085.0,618.0,400.0,0.6472491909385113,0.6087726498137995,0.6839064525817824,0.5658986175115207,0.4582441113490364,0.18900507958947488,0.1295341319916332,0.24678720715145724,5.621841772989849e-10,0.38253973471815383,0.05790172893921999,0.38745424073691287,,,,,,,,,
placebo_wrong_direction,Dukascopy_1m,COMMOD,RTH,Fri,1629.0,785.0,371.0,0.4726114649681529,0.4379051826107593,0.5075844978324006,0.4910988336402701,0.5082938388625592,-0.035682373894406316,-0.08399805868869498,0.012877389467914134,0.15082997487142585,-0.0713929389728778,-0.009460115745161236,-0.08637308536256805,,,,,,,,,
placebo_wrong_direction,Dukascopy_1m,CRYPTO,RTH,Fri,482.0,262.0,143.0,0.5458015267175572,0.4852842644577974,0.6049951077156287,0.533195020746888,0.5181818181818182,0.02761970853573903,-0.0612981744715302,0.11610490633563889,0.582686165176798,0.05535999313653539,0.17193592533193916,0.8862163384761524,,,,,,,,,
placebo_wrong_direction,Dukascopy_1m,FX,RTH,Fri,3336.0,1697.0,821.0,0.48379493223335296,0.46008181320419567,0.5075812516189446,0.47781774580335734,0.47162904209884077,0.012165890134512192,-0.02171945869347077,0.046007998445092874,0.4882410079589913,0.024356595896586564,0.1470017299271183,1.9721279344026232,,,,,,,,,
placebo_wrong_direction,Dukascopy_1m,US_INDEX,RTH,Fri,1085.0,490.0,262.0,0.5346938775510204,0.4904309121355091,0.5784170944316043,0.5658986175115207,0.5915966386554622,-0.05690276110444181,-0.11575440410763052,0.002330370236620312,0.0648945708735069,-0.11479016630841476,0.25797249860791954,1.8147695851957673,,,,,,,,,
adjacent_weekday_down,Dukascopy_1m,COMMOD,BROKER,Mon,1650.0,807.0,416.0,0.5154894671623296,0.481017337582384,0.5498148303192925,0.4593939393939394,0.40569395017793597,0.1097955169843936,0.06172574603067915,0.15716650275481722,8.579833940597214e-06,0.2207325795959969,-0.1457155256816064,-1.2429104241391198,,,,,,,,,
adjacent_weekday_down,Dukascopy_1m,CRYPTO,BROKER,Mon,485.0,236.0,117.0,0.4957627118644068,0.4325543454350819,0.5591068126906481,0.4329896907216495,0.37349397590361444,0.12226873596079235,0.03402392402724701,0.20797569738363655,0.007814518757256942,0.24731766278638156,0.05841061906654115,0.27860041263134894,,,,,,,,,
adjacent_weekday_down,Dukascopy_1m,FX,BROKER,Mon,3333.0,1792.0,1032.0,0.5758928571428571,0.5528727548215657,0.5985882768101567,0.48604860486048607,0.381570408825438,0.19432244831741907,0.1606898826018392,0.22730380330181138,3.1918813453982606e-29,0.3915064302433999,0.12391024605620941,1.450884765649618,,,,,,,,,
adjacent_weekday_down,Dukascopy_1m,US_INDEX,BROKER,Mon,1100.0,468.0,249.0,0.532051282051282,0.4867674651598206,0.5768132131361923,0.4536363636363636,0.39556962025316456,0.1364816617981175,0.0769511514790053,0.1947993995397506,7.660609934944004e-06,0.2745564284345867,0.3157370612471156,2.1708834624707327,,,,,,,,,
upside_symmetry,Dukascopy_1m,COMMOD,BROKER,Mon,1650.0,944.0,562.0,0.5953389830508474,0.5637032169509636,0.6262019600434635,0.5175757575757576,0.41359773371104813,0.1817412493397993,0.13328848925673045,0.22898112481677302,3.114104160090604e-13,0.3655290678514942,0.024705869367523756,0.19538104190151853,,,,,,,,,
upside_symmetry,Dukascopy_1m,CRYPTO,BROKER,Mon,485.0,280.0,136.0,0.4857142857142857,0.42776358043979523,0.5440516715207943,0.44742268041237115,0.3951219512195122,0.0905923344947735,0.0010498020324381796,0.17748868869702858,0.052425377412559086,0.18275018400283893,-0.24693009671476684,-1.084767906279714,,,,,,,,,
upside_symmetry,Dukascopy_1m,FX,BROKER,Mon,3333.0,1895.0,1160.0,0.6121372031662269,0.5899928718922222,0.6338278152039786,0.5310531053105311,0.4242002781641168,0.18793692500211007,0.1540029128569176,0.22126890185131887,5.533004080016011e-27,0.37838463065537775,0.07281215410757301,0.8438776601979515,,,,,,,,,
upside_symmetry,Dukascopy_1m,US_INDEX,BROKER,Mon,1100.0,677.0,445.0,0.6573116691285081,0.6207629612175997,0.6920852022431622,0.5972727272727273,0.5011820330969267,0.15612963603158148,0.09625710842658144,0.21495249295431437,4.0204881798893085e-07,0.3176957462744834,-0.1587521981897769,-0.9476599515090506,,,,,,,,,
placebo_wrong_direction,Dukascopy_1m,COMMOD,BROKER,Mon,1650.0,807.0,380.0,0.4708798017348203,0.4366607158608339,0.5053748084840142,0.5175757575757576,0.5622775800711743,-0.09139777833635404,-0.13902851448642162,-0.043175315639375385,0.00021861100583625315,-0.1831528589619793,0.11508876095625842,0.9283595111028693,,,,,,,,,
placebo_wrong_direction,Dukascopy_1m,CRYPTO,BROKER,Mon,485.0,236.0,98.0,0.4152542372881356,0.35423387737396234,0.4789892851406384,0.44742268041237115,0.4779116465863454,-0.06265740929820979,-0.14958214938162512,0.025727722754240595,0.17171402483221868,-0.126122618309372,0.17280349842495754,0.7779361270308205,,,,,,,,,
placebo_wrong_direction,Dukascopy_1m,FX,BROKER,Mon,3333.0,1792.0,859.0,0.47935267857142855,0.456291402678399,0.5025022872453234,0.5310531053105311,0.591174561972745,-0.11182188340131644,-0.1453151203543246,-0.07793808451455239,1.1578382921559102e-10,-0.22468149389869363,-0.09335946842625951,-1.0737439733373408,,,,,,,,,
placebo_wrong_direction,Dukascopy_1m,US_INDEX,BROKER,Mon,1100.0,468.0,253.0,0.5405982905982906,0.49530060784742347,0.5852349179941928,0.5972727272727273,0.6392405063291139,-0.09864221573082332,-0.15681206045400292,-0.03990627623896021,0.0012128582310609506,-0.2009261281198731,0.1352517638206178,0.9098075941151998,,,,,,,,,
adjacent_weekday_down,Dukascopy_1m,COMMOD,BROKER,Tue,1668.0,799.0,441.0,0.5519399249061326,0.5172913921158511,0.5860914104139534,0.44844124700239807,0.3532796317606444,0.19866029314548822,0.15124882018713137,0.2448309456902581,3.5256325424533795e-16,0.40189163308540654,0.23369488020802456,1.9765351905519373,,,,,,,,,
adjacent_weekday_down,Dukascopy_1m,CRYPTO,BROKER,Tue,486.0,267.0,141.0,0.5280898876404494,0.46823709922572027,0.5871458545706204,0.43415637860082307,0.319634703196347,0.20845518444410238,0.12052476601558386,0.29136805030840235,4.122036443111228e-06,0.42526047989041005,0.21792070100061767,0.97151315191218,,,,,,,,,
adjacent_weekday_down,Dukascopy_1m,FX,BROKER,Tue,3342.0,1567.0,885.0,0.564773452456924,0.5400970073101421,0.5891330934489769,0.4790544584081388,0.40338028169014084,0.16139317076678317,0.12765520932951105,0.19461496195822583,1.1930879940304173e-20,0.3243747678223543,-0.11859035392853673,-1.3814723360488295,,,,,,,,,
adjacent_weekday_down,Dukascopy_1m,US_INDEX,BROKER,Tue,1110.0,448.0,212.0,0.4732142857142857,0.4274050896128111,0.5194789345698302,0.4477477477477477,0.43051359516616317,0.04270069054812253,-0.01682607768019518,0.10207289682796145,0.1759455988856887,0.08582699755385814,-0.25039917625512,-1.7313261292500488,,,,,,,,,
upside_symmetry,Dukascopy_1m,COMMOD,BROKER,Tue,1668.0,903.0,564.0,0.6245847176079734,0.5925363322994627,0.6555775996469243,0.5347721822541966,0.4287581699346405,0.1958265476733329,0.148119051257708,0.24229862778107528,1.2627966879060548e-15,0.3947927724455742,-0.13550320278360614,-1.0729330712415555,,,,,,,,,
upside_symmetry,Dukascopy_1m,CRYPTO,BROKER,Tue,486.0,276.0,173.0,0.6268115942028986,0.5683778131770219,0.6817638216436137,0.5246913580246914,0.3904761904761905,0.23633540372670808,0.14714353473693592,0.3202734747081738,2.622603678456963e-07,0.47726236363455876,0.33613679080683667,1.5403406881599628,,,,,,,,,
upside_symmetry,Dukascopy_1m,FX,BROKER,Tue,3342.0,1718.0,1048.0,0.610011641443539,0.5867268102296652,0.6328055968125581,0.5221424296828246,0.4291871921182266,0.18082444932531244,0.14723272283218708,0.21383524760197628,1.3705602956044645e-25,0.36394172913538836,-0.10251231721990206,-1.1846696097058766,,,,,,,,,
upside_symmetry,Dukascopy_1m,US_INDEX,BROKER,Tue,1110.0,611.0,400.0,0.6546644844517185,0.6161022974291348,0.6912940196027622,0.5630630630630631,0.45090180360721444,0.2037626808445041,0.14535540203709474,0.2603386215478254,1.2347650206957444e-11,0.4128422040849362,0.02610692879908019,0.16346683507190837,,,,,,,,,
placebo_wrong_direction,Dukascopy_1m,COMMOD,BROKER,Tue,1668.0,799.0,383.0,0.4793491864831039,0.4448911394628152,0.5140048547120818,0.5347721822541966,0.5857307249712314,-0.10638153848812748,-0.15361401406552178,-0.05848697782474389,1.5147882355108255e-05,-0.21362627464456074,0.13723703646233135,1.108538344080136,,,,,,,,,
placebo_wrong_direction,Dukascopy_1m,CRYPTO,BROKER,Tue,486.0,267.0,133.0,0.49812734082397003,0.43860722596048146,0.5577005771197624,0.5246913580246914,0.5570776255707762,-0.05895028474680619,-0.14652708234398265,0.03011561518587917,0.20248537742360154,-0.1181499777457613,0.30937211929870173,1.3859523670088034,,,,,,,,,
placebo_wrong_direction,Dukascopy_1m,FX,BROKER,Tue,3342.0,1567.0,720.0,0.4594767070835992,0.43493105792876846,0.48422055391158564,0.5221424296828246,0.5774647887323944,-0.11798808164879515,-0.15148118238316646,-0.08412191164329524,9.975695593332823e-12,-0.23669174523937997,0.07895990074919741,0.909321255741241,,,,,,,,,
placebo_wrong_direction,Dukascopy_1m,US_INDEX,BROKER,Tue,1110.0,448.0,224.0,0.5,0.45389743840457364,0.5461025615954264,0.5630630630630631,0.6057401812688822,-0.10574018126888218,-0.16455107324046908,-0.04616408537046807,0.0005505349706868689,-0.21308933206435032,0.12594735422066713,0.8350882492320406,,,,,,,,,
adjacent_weekday_down,Dukascopy_1m,COMMOD,BROKER,Wed,1662.0,774.0,419.0,0.541343669250646,0.506121584052292,0.5761573935905712,0.47352587244283995,0.4144144144144144,0.12692925483623163,0.07886691448504785,0.17419140768200086,2.928125889268047e-07,0.25480011625465626,-0.22873353317130263,-1.9057629691897358,,,,,,,,,
adjacent_weekday_down,Dukascopy_1m,CRYPTO,BROKER,Wed,486.0,231.0,136.0,0.5887445887445888,0.5243429696620349,0.6502428986334959,0.45267489711934156,0.32941176470588235,0.25933282403870644,0.1714183716448091,0.34169196903036486,1.281674801988718e-08,0.5266027097530788,0.5514315524874687,2.598393302843726,,,,,,,,,
adjacent_weekday_down,Dukascopy_1m,FX,BROKER,Wed,3331.0,1591.0,967.0,0.6077938403519799,0.5835707036876994,0.6314976958092835,0.4923446412488742,0.3867816091954023,0.22101223115657764,0.1875343611675469,0.25377005998553287,2.091362052096654e-37,0.44571150284839667,0.15177210227921833,1.7615937108375224,,,,,,,,,
adjacent_weekday_down,Dukascopy_1m,US_INDEX,BROKER,Wed,1108.0,485.0,270.0,0.5567010309278351,0.5122156232168992,0.6002952921475316,0.48465703971119134,0.42857142857142855,0.12812960235640652,0.06885013276547212,0.18616172853442936,2.8425272219988548e-05,0.2569941071499038,0.03678987118491343,0.2563862887592874,,,,,,,,,
upside_symmetry,Dukascopy_1m,COMMOD,BROKER,Wed,1662.0,915.0,534.0,0.5836065573770491,0.5513808628375885,0.615133173431923,0.5030084235860409,0.4042838018741633,0.17932275550288584,0.13130675214570955,0.22614372211452827,3.6962366924988163e-13,0.36062363056367785,-0.1844915579982019,-1.4234961165475226,,,,,,,,,
upside_symmetry,Dukascopy_1m,CRYPTO,BROKER,Wed,486.0,276.0,139.0,0.5036231884057971,0.4449932558316463,0.5621536480203719,0.43209876543209874,0.3380952380952381,0.165527950310559,0.07696321418925509,0.24975172659257366,0.00030616107288882426,0.33699962810928996,-0.005713134616555066,-0.02555218082099521,,,,,,,,,
upside_symmetry,Dukascopy_1m,FX,BROKER,Wed,3331.0,1731.0,1051.0,0.607163489312536,0.5839435478873498,0.6299088465857436,0.5100570399279496,0.405,0.20216348931253603,0.16858705788777778,0.2350830161171018,1.435169041325564e-31,0.40716489107465637,0.07936831886176302,0.914700336971035,,,,,,,,,
upside_symmetry,Dukascopy_1m,US_INDEX,BROKER,Wed,1108.0,607.0,393.0,0.6474464579901154,0.6086201459210466,0.6844182479456401,0.5550541516245487,0.4431137724550898,0.20433268553502554,0.14582577579147638,0.26096711070921896,9.421938441510926e-12,0.4133627933713875,0.0739591471120356,0.48152162577989266,,,,,,,,,
placebo_wrong_direction,Dukascopy_1m,COMMOD,BROKER,Wed,1662.0,774.0,342.0,0.4418604651162791,0.407247129018717,0.4770480586710067,0.5030084235860409,0.5563063063063063,-0.11444584119002721,-0.1618331986020476,-0.06630772373769879,3.7165745044497863e-06,-0.22939470773458148,0.13654026050648352,1.068626090620789,,,,,,,,,
placebo_wrong_direction,Dukascopy_1m,CRYPTO,BROKER,Wed,486.0,231.0,89.0,0.3852813852813853,0.32488700819351335,0.44942882059519074,0.43209876543209874,0.4745098039215686,-0.08922841864018333,-0.17521907962224353,-0.0010822161248121992,0.0542059487446304,-0.18049694758914203,-0.06422401129378133,-0.28419977175239053,,,,,,,,,
placebo_wrong_direction,Dukascopy_1m,FX,BROKER,Wed,3331.0,1591.0,691.0,0.43431803896920174,0.4101492422571698,0.4588032490114324,0.5100570399279496,0.5793103448275863,-0.14499230585838452,-0.17835331484519726,-0.11116118826398602,7.350670299451643e-17,-0.2910381983863739,-0.07187014530294804,-0.8059337988428905,,,,,,,,,
placebo_wrong_direction,Dukascopy_1m,US_INDEX,BROKER,Wed,1108.0,485.0,229.0,0.47216494845360824,0.4281283766455121,0.5166389921755853,0.5550541516245487,0.6195826645264848,-0.14741771607287657,-0.20511532922876266,-0.08843327738350834,1.065817384960853e-06,-0.297205040230456,-0.033842995234460674,-0.22968794508781115,,,,,,,,,
adjacent_weekday_down,Dukascopy_1m,COMMOD,BROKER,Thu,1668.0,826.0,398.0,0.48184019370460046,0.44792767830032304,0.5159208379661048,0.4316546762589928,0.3824228028503563,0.09941739085424417,0.05189664231270856,0.1463182441215803,4.968144503678122e-05,0.20104981148599577,-0.18172542145425344,-1.5549416360374249,,,,,,,,,
adjacent_weekday_down,Dukascopy_1m,CRYPTO,BROKER,Thu,488.0,277.0,130.0,0.4693140794223827,0.41136521231176365,0.5281024144717383,0.4405737704918033,0.4028436018957346,0.06647047752664809,-0.022374231893911037,0.1532776565752368,0.16739821157213572,0.13414641201872257,-0.44213304488853944,-1.940038506850854,,,,,,,,,
adjacent_weekday_down,Dukascopy_1m,FX,BROKER,Thu,3338.0,1638.0,938.0,0.5726495726495726,0.548550293309744,0.5964088918304283,0.48741761533852607,0.4052941176470588,0.1673554550025138,0.13367687391904914,0.20049253180995086,3.6053736338690574e-22,0.336378351628126,-0.06552242022029117,-0.7716043403697401,,,,,,,,,
adjacent_weekday_down,Dukascopy_1m,US_INDEX,BROKER,Thu,1112.0,493.0,247.0,0.5010141987829615,0.4570412340207654,0.5449714804623891,0.40827338129496404,0.3344103392568659,0.16660385952609558,0.10842989937563677,0.22344936953049963,2.177802026129515e-08,0.33958155383473043,0.29050327283685545,2.0489097102394225,,,,,,,,,
upside_symmetry,Dukascopy_1m,COMMOD,BROKER,Thu,1668.0,881.0,515.0,0.5845629965947786,0.5517236999964061,0.6166680480559346,0.511990407673861,0.4307496823379924,0.15381331425678624,0.10592878018560059,0.20070473347332835,4.297876940821768e-10,0.3088901183061237,-0.2603599317353263,-2.065475092790226,,,,,,,,,
upside_symmetry,Dukascopy_1m,CRYPTO,BROKER,Thu,488.0,266.0,136.0,0.5112781954887218,0.4514752792028547,0.5707599993426371,0.430327868852459,0.3333333333333333,0.17794486215538846,0.0900738368288279,0.26152176330073656,7.958411251260113e-05,0.3623952136169033,-0.15337654227897868,-0.6657858624058652,,,,,,,,,
upside_symmetry,Dukascopy_1m,FX,BROKER,Thu,3338.0,1697.0,952.0,0.5609899823217442,0.5372670984563142,0.5844373666638663,0.4703415218693829,0.376599634369287,0.18439034795245723,0.15085320241324154,0.21732587993968822,1.2940862063610935e-26,0.3716619672475918,-0.030989678992121086,-0.3593718929469899,,,,,,,,,
upside_symmetry,Dukascopy_1m,US_INDEX,BROKER,Thu,1112.0,575.0,374.0,0.6504347826086957,0.6105786780826522,0.6882941779709942,0.5584532374100719,0.45996275605214154,0.19047202655655415,0.13236125776522725,0.24680945769004103,1.9673071543423227e-10,0.38576464453343107,-0.11151330093558802,-0.7061107568301586,,,,,,,,,
placebo_wrong_direction,Dukascopy_1m,COMMOD,BROKER,Thu,1668.0,826.0,399.0,0.4830508474576271,0.44912984744132345,0.5171287677406758,0.511990407673861,0.5403800475059383,-0.05732920004831116,-0.10493564104362108,-0.009353363025668318,0.021292234313417268,-0.11475294300269079,0.3277452075995687,2.6282252441323286,,,,,,,,,
placebo_wrong_direction,Dukascopy_1m,CRYPTO,BROKER,Thu,488.0,277.0,113.0,0.40794223826714804,0.35171001804209556,0.46669286230841056,0.430327868852459,0.4597156398104265,-0.051773401543278474,-0.13952419547718617,0.03653150095957626,0.2688429808748559,-0.10451578417062413,0.13632254029908342,0.6012230117231183,,,,,,,,,
placebo_wrong_direction,Dukascopy_1m,FX,BROKER,Thu,3338.0,1638.0,685.0,0.4181929181929182,0.39452411250309855,0.44224453616258946,0.4703415218693829,0.5205882352941177,-0.10239531710119948,-0.13587225819289292,-0.06858144568035926,3.6078071385579784e-09,-0.2055411959928095,0.1919502461758411,2.1724220884801086,,,,,,,,,
placebo_wrong_direction,Dukascopy_1m,US_INDEX,BROKER,Thu,1112.0,493.0,255.0,0.5172413793103449,0.4731688043493847,0.5610473418642412,0.5584532374100719,0.5912762520193862,-0.0740348727090413,-0.13225923592030742,-0.01526759044420467,0.015031776471175672,-0.14909236191026154,0.36179531393886105,2.3869880132004613,,,,,,,,,
adjacent_weekday_down,Dukascopy_1m,COMMOD,BROKER,Fri,1632.0,807.0,399.0,0.4944237918215613,0.46003715383441535,0.5288632657209811,0.42830882352941174,0.36363636363636365,0.13078742818519767,0.08285890820667802,0.17788279232122656,1.094467599315814e-07,0.2650739832108917,-0.03159410198301884,-0.26994616306698777,,,,,,,,,
adjacent_weekday_down,Dukascopy_1m,CRYPTO,BROKER,Fri,486.0,277.0,125.0,0.45126353790613716,0.39372749173216803,0.5101328566886881,0.4218106995884774,0.3827751196172249,0.06848841828891228,-0.020167689851382883,0.15487236991167647,0.1384567576426697,0.1390245786019757,-0.023182100508907996,-0.11574816769432335,,,,,,,,,
adjacent_weekday_down,Dukascopy_1m,FX,BROKER,Fri,3342.0,1770.0,882.0,0.49830508474576274,0.4750408008308394,0.52157670973068,0.43087971274685816,0.3549618320610687,0.14334325268469406,0.10993166053800082,0.1762561750761202,7.189546087412977e-17,0.29091676529922794,0.004849080734005022,0.05838762375438444,,,,,,,,,
adjacent_weekday_down,Dukascopy_1m,US_INDEX,BROKER,Fri,1092.0,484.0,242.0,0.5,0.4556310917517261,0.5443689082482739,0.38278388278388276,0.2894736842105263,0.21052631578947367,0.15257362198185298,0.2668147617921039,1.2219308537394682e-12,0.4346055256073673,0.4995596681273726,3.466991624590737,,,,,,,,,
upside_symmetry,Dukascopy_1m,COMMOD,BROKER,Fri,1632.0,924.0,566.0,0.6125541125541125,0.5807381581355029,0.6434380715668995,0.5098039215686274,0.3757062146892655,0.236847897864847,0.18861256337702983,0.283460554603301,2.356329019007159e-21,0.4782758892145418,0.28179426087677595,2.239313266368932,,,,,,,,,
upside_symmetry,Dukascopy_1m,CRYPTO,BROKER,Fri,486.0,273.0,160.0,0.5860805860805861,0.5268549888944618,0.6429172706515378,0.51440329218107,0.4225352112676056,0.16354537481298048,0.07402163129146093,0.24943051530871752,0.00036638970261097326,0.3285793503189913,0.09936152060455504,0.47011528602745295,,,,,,,,,
upside_symmetry,Dukascopy_1m,FX,BROKER,Fri,3342.0,1714.0,947.0,0.5525087514585765,0.528877476577161,0.5759051848702877,0.46199880311190905,0.3667076167076167,0.18580113475095977,0.15233473066418352,0.2186585100174846,3.894890243963859e-27,0.3750593208893427,0.003659160009536806,0.04290460524542708,,,,,,,,,
upside_symmetry,Dukascopy_1m,US_INDEX,BROKER,Fri,1092.0,648.0,430.0,0.6635802469135802,0.6263319995832631,0.6989004586030395,0.5732600732600732,0.44144144144144143,0.22213880547213877,0.16256401003039445,0.279730772339427,3.9373884530186074e-13,0.4506836595232544,-0.21364924372837893,-1.2467504590788845,,,,,,,,,
placebo_wrong_direction,Dukascopy_1m,COMMOD,BROKER,Fri,1632.0,807.0,369.0,0.45724907063197023,0.423161852075796,0.49174136451557665,0.5098039215686274,0.5612121212121212,-0.10396305058015093,-0.1517568492922779,-0.055482476622156614,3.141028026424622e-05,-0.20833851388350388,-0.027440250209852066,-0.21775704422681663,,,,,,,,,
placebo_wrong_direction,Dukascopy_1m,CRYPTO,BROKER,Fri,486.0,277.0,128.0,0.4620938628158845,0.40430102059935263,0.5209236948390912,0.51440329218107,0.583732057416268,-0.1216381946003835,-0.208413441461951,-0.03190914662285567,0.01019388554935682,-0.244141979342555,-0.3404068496355738,-1.662290859895688,,,,,,,,,
placebo_wrong_direction,Dukascopy_1m,FX,BROKER,Fri,3342.0,1770.0,744.0,0.42033898305084744,0.3975399736130161,0.44348302277839613,0.46199880311190905,0.5089058524173028,-0.08856686936645536,-0.12215199227309037,-0.05471490238181949,3.192557064220184e-07,-0.17781652358581268,0.024332287301757922,0.28267800017405886,,,,,,,,,
placebo_wrong_direction,Dukascopy_1m,US_INDEX,BROKER,Fri,1092.0,484.0,252.0,0.5206611570247934,0.47616715290440226,0.5648297727122682,0.5732600732600732,0.6151315789473685,-0.09447042192257504,-0.15287778625398166,-0.035359798596231076,0.002061226487236296,-0.19101401588416556,0.3246228852618522,2.0948055205752847,,,,,,,,,
weekly_analogue,Dukascopy_1m,CRYPTO,WEEKLY(broker days),week,486.0,232.0,112.0,0.4827586206896552,0.419263953230393,0.5468149540151637,0.43004115226337447,0.38188976377952755,0.10086885691012765,0.012758919417193662,0.18699322439331773,0.027802865037906,0.20398479917517642,-0.17057716846477847,-0.8105006543483895,,,,,,,,,
weekly_analogue,Dukascopy_1m,ENERGY,WEEKLY(broker days),week,556.0,249.0,124.0,0.4979919678714859,0.43639271251723016,0.5596522399021071,0.45143884892086333,0.41368078175895767,0.08431118611252825,0.0011784162129662296,0.16607253213329512,0.04919208653623462,0.16949162456435318,-0.32536022227544165,-1.5658041757898267,,,,,,,,,
weekly_analogue,Dukascopy_1m,FX,WEEKLY(broker days),week,3336.0,1676.0,931.0,0.5554892601431981,0.5315994861301907,0.5791252486495893,0.4790167865707434,0.4018072289156627,0.15368203122753543,0.11997087597513711,0.18689373822602676,6.24190277283091e-19,0.30887790813504523,-0.005112259474331124,-0.06123043132775701,,,,,,,,,
weekly_analogue,Dukascopy_1m,INDEX,WEEKLY(broker days),week,1112.0,399.0,191.0,0.47869674185463656,0.4301178169481453,0.5276819585522041,0.39568345323741005,0.3492286115007013,0.12946813035393528,0.06917281411850651,0.18915353733155493,3.138838829128401e-05,0.2636909184005132,0.04117900839144965,0.25397377756285733,,,,,,,,,
weekly_analogue,Dukascopy_1m,METAL,WEEKLY(broker days),week,1112.0,507.0,253.0,0.4990138067061144,0.4556627287900288,0.5423797167031218,0.4172661870503597,0.3487603305785124,0.15025347612760198,0.09206024713779712,0.20720256676234355,5.269013597573603e-07,0.3053203854504569,0.023153171135973705,0.16005328345656702,,,,,,,,,
intraday_session_analogue,Dukascopy_1m,CRYPTO,SESSION3(UTC blocks),ASIA->LONDON,3197.0,1933.0,861.0,0.4454216244180031,0.42339518727828096,0.4676645589704007,0.4216452924616828,0.3852848101265823,0.060136814291420815,0.025184893705985888,0.0946907413682089,0.0007558094842766217,0.12211771875340549,-0.08160113845608179,-0.9573596071637928,,,,,,,,,
intraday_session_analogue,Dukascopy_1m,CRYPTO,SESSION3(UTC blocks),LONDON->NY,3216.0,1770.0,1104.0,0.6237288135593221,0.6009148517725723,0.646006877236511,0.5612562189054726,0.4847856154910097,0.1389431980683124,0.1045290478032758,0.17294350580074327,3.507588980145474e-15,0.2804888568829742,0.1320697825045439,1.6549700218117418,,,,,,,,,
intraday_session_analogue,Dukascopy_1m,CRYPTO,SESSION3(UTC blocks),NY->ASIA,3198.0,1301.0,519.0,0.398923904688701,0.37265057636262744,0.4257923699262669,0.3424015009380863,0.3036373220875066,0.09528658260119438,0.06160691623621749,0.12894854921032417,2.959125664723154e-08,0.20003819069518114,0.038170626818442986,0.46903494244046706,,,,,,,,,
intraday_session_analogue,Dukascopy_1m,ENERGY,SESSION3(UTC blocks),ASIA->LONDON,2759.0,1955.0,1361.0,0.6961636828644501,0.6754085010473434,0.7161494765246477,0.6549474447263501,0.554726368159204,0.14143731470524612,0.10159215602274169,0.18133677740798676,2.134127948104436e-12,0.29348799464610464,0.07239580568693858,0.7127437338635284,,,,,,,,,
intraday_session_analogue,Dukascopy_1m,ENERGY,SESSION3(UTC blocks),LONDON->NY,2761.0,948.0,665.0,0.7014767932489452,0.6715811988450576,0.729746140345744,0.6001448750452735,0.5471594043022614,0.1543173889466838,0.11672630257221725,0.1907540237265382,2.4321257657272725e-15,0.3202825328328509,0.05760153575481397,0.5984444658531691,,,,,,,,,
intraday_session_analogue,Dukascopy_1m,ENERGY,SESSION3(UTC blocks),NY->ASIA,2760.0,993.0,287.0,0.2890231621349446,0.2616841223392854,0.3179882555575019,0.21485507246376812,0.1731748726655348,0.11584828946940981,0.0829233975067043,0.149397972895676,2.808053143003713e-12,0.2767985972572632,0.06064387177365746,0.5566905524358111,,,,,,,,,
intraday_session_analogue,Dukascopy_1m,FX,SESSION3(UTC blocks),ASIA->LONDON,16666.0,10682.0,6718.0,0.6289084441115896,0.6197023545502742,0.6380218509428452,0.5802232089283571,0.49331550802139035,0.1355929360901993,0.11993350252819981,0.15119110070098976,1.4390111627421462e-64,0.27413140486887966,0.0058016010673990715,0.1492216447354714,,,,,,,,,
intraday_session_analogue,Dukascopy_1m,FX,SESSION3(UTC blocks),LONDON->NY,16668.0,6762.0,4267.0,0.6310263235729074,0.6194540522429343,0.6424498086123666,0.5259179265658748,0.45416919038966286,0.17685713318324459,0.16167943961564568,0.19189855272201337,1.6102497624541637e-112,0.3569390295408845,0.05116953822914753,1.3671031636906983,,,,,,,,,
intraday_session_analogue,Dukascopy_1m,FX,SESSION3(UTC blocks),NY->ASIA,16662.0,7755.0,3181.0,0.41018697614442295,0.39928680654595095,0.42117607990517547,0.3425759212579522,0.28370944201190074,0.12647753413252222,0.11204895169179832,0.14085249705838235,6.012992476888765e-66,0.26674734753489227,-0.08935108615485596,-2.310799412722361,,,,,,,,,
intraday_session_analogue,Dukascopy_1m,INDEX,SESSION3(UTC blocks),ASIA->LONDON,4660.0,3290.0,1879.0,0.5711246200607902,0.554139869997739,0.5879434712470942,0.5405579399141631,0.46715328467153283,0.1039713353892574,0.07251717823441783,0.1351813300916483,1.04376067560955e-10,0.2084741677213271,0.15868269276904412,2.126370488174036,,,,,,,,,
intraday_session_analogue,Dukascopy_1m,INDEX,SESSION3(UTC blocks),LONDON->NY,5512.0,2207.0,1580.0,0.7159039420027187,0.6967262912591391,0.7343313027613515,0.6611030478955007,0.6245083207261725,0.09139562127654621,0.06619050129956455,0.11622753595379162,1.9825114371252317e-12,0.1948314201866952,0.05376786494732892,0.832984013773169,,,,,,,,,
intraday_session_analogue,Dukascopy_1m,INDEX,SESSION3(UTC blocks),NY->ASIA,4662.0,1290.0,407.0,0.31550387596899226,0.29072387851772763,0.34137942381897224,0.21063921063921065,0.17052194543297747,0.1449819305360148,0.11696765362952907,0.17363958195555293,6.302051949611183e-26,0.34150557663198067,0.18467129060528617,2.136574240158194,,,,,,,,,
intraday_session_analogue,Dukascopy_1m,INDEX,SESSION3(UTC blocks),NY->LONDON,856.0,197.0,60.0,0.30456852791878175,0.24454791548733879,0.3720651062855038,0.2266355140186916,0.20333839150227617,0.10123013641650558,0.03301925683464492,0.17468073671450726,0.003603476090510032,0.23361206138217094,0.08014920831008204,0.38800440674382725,,,,,,,,,
intraday_session_analogue,Dukascopy_1m,METAL,SESSION3(UTC blocks),ASIA->LONDON,5522.0,3452.0,1904.0,0.5515643105446119,0.5349255639269497,0.5680884210147916,0.49710249909453097,0.406280193236715,0.14528411730789687,0.1182459472720206,0.17197835220008983,1.1759567278506207e-25,0.29186721560305595,-0.008504474069814317,-0.12354762813386268,,,,,,,,,
intraday_session_analogue,Dukascopy_1m,METAL,SESSION3(UTC blocks),LONDON->NY,5524.0,2538.0,1614.0,0.6359338061465721,0.6170217137191886,0.6544350278512044,0.5711440984793628,0.5160750167448092,0.11985878940176298,0.09382409371318715,0.14562530320032663,2.623288060763719e-19,0.24317763616718957,-0.022649046997114963,-0.3632945368106038,,,,,,,,,
intraday_session_analogue,Dukascopy_1m,METAL,SESSION3(UTC blocks),NY->ASIA,5522.0,2283.0,876.0,0.38370565045992117,0.36396931334237725,0.40383269236647823,0.30387540746106484,0.24760728619944428,0.1360983642604769,0.11121313579141391,0.16093944980832156,5.344989602487354e-27,0.2943948473328557,-0.0006899254893349173,-0.010101037879842189,,,,,,,,,
placebo_path_shuffle,Duka US_INDEX RTH Fri->Mon,,,,,,,,,,,,,,,,,,,1036.0,1.0,0.1711707304222818,0.0839133157460965,0.0280018047497769,0.001,0.1274671368304587,-0.0027740918174188,0.0306611992636711
placebo_path_shuffle,Duka US_INDEX BROKER Fri->Mon,,,,,,,,,,,,,,,,,,,1076.0,1.0,0.205660740870479,0.1134721043874244,0.0257463162108851,0.0,0.1557840441369646,0.0007882301427445,0.0313654024576314
placebo_path_shuffle,Duka FX BROKER Fri->Mon,,,,,,,,,,,,,,,,,,,3327.0,0.9990982867448152,0.1405549354794493,0.1587163173571268,0.0140046740024928,0.905,0.1813240147860954,-0.0001146596870029,0.016898618001385
placebo_path_shuffle,Duka US_INDEX BROKER Mon-Thu,,,,,,,,,,,,,,,,,,,4424.0,1.0,0.1169598460140083,0.0940287671095546,0.0133545644025654,0.056,0.1176865843714912,0.0005333953777468,0.0157295680794313
placebo_path_shuffle,YF ES+NQ Fri->Mon,,,,,,,,,,,,,,,,,,,2369.0,0.9995778809624314,0.1919735265279442,0.1079144249459578,0.0180068721185006,0.0,0.1377658384986324,0.001437538345537,0.0222903867471109
