dataset,instrument,asset_group,session_def,period,scope,n_eligible,n_trigger,touches,hit_rate,ci95_lo,ci95_hi,base_rate_all,opposite_rate,uplift_vs_opposite,uplift_ci_lo,uplift_ci_hi,fisher_p,cohens_h,logit_beta_controlled,logit_z_controlled,median_frac_session_to_touch
Dukascopy_1m,AUDUSD,FX,RTH,2016-2026,Fri->Mon,552,293,120,0.40955631399317405,0.35477330148350994,0.466680210399362,0.41304347826086957,0.416988416988417,-0.00743210299524294,-0.08929695971160537,0.07426542676633203,0.8629610324161776,-0.015093145910874073,-0.2675867284871937,-1.4594718663321693,0.0
Dukascopy_1m,BTCUSD,CRYPTO,RTH,2016-2026,Fri->Mon,477,261,104,0.39846743295019155,0.340958541961664,0.45892173269018843,0.4276729559748428,0.46296296296296297,-0.06449553001277142,-0.1524608710718871,0.024469150651673405,0.16413469819077084,-0.13034528252660071,-0.4207624198633577,-2.1702046270630935,0.0
Dukascopy_1m,EURUSD,FX,RTH,2016-2026,Fri->Mon,552,278,120,0.4316546762589928,0.3747531271467122,0.4904192993692342,0.4221014492753623,0.4124087591240876,0.0192459171349052,-0.06279914157318767,0.10089412275663859,0.6671352736276246,0.038971184073951504,-0.16462672775389484,-0.9037869422410002,0.0
Dukascopy_1m,GBPUSD,FX,RTH,2016-2026,Fri->Mon,552,290,128,0.4413793103448276,0.3853656433674951,0.49892570157594507,0.4257246376811594,0.4083969465648855,0.03298236377994207,-0.049411768820798646,0.11452940870472822,0.4393997131279783,0.06673512713781116,-0.0719861652381177,-0.3904886705812242,0.0
Dukascopy_1m,NAS100,US_INDEX,RTH,2016-2026,Fri->Mon,527,240,113,0.4708333333333333,0.4086406930629839,0.5339449522669404,0.3757115749525617,0.2961672473867596,0.17466608594657373,0.09148809224691437,0.25508949108358453,4.630579032976913e-05,0.3615295504522573,0.4527886519100057,2.286873534001015,0.0
Dukascopy_1m,US500,US_INDEX,RTH,2016-2026,Fri->Mon,509,227,104,0.4581497797356828,0.3945685556180855,0.5231238723492917,0.3654223968565815,0.2907801418439716,0.16736963789171122,0.08295183995089497,0.24929939644796392,0.00014030618076134557,0.34792824662790367,0.38733976401886877,1.8899355868920986,0.0
Dukascopy_1m,USDCAD,FX,RTH,2016-2026,Fri->Mon,552,265,131,0.49433962264150944,0.43465610667854665,0.5541849001618423,0.46195652173913043,0.43205574912891986,0.06228387351258957,-0.02082432453899183,0.14427120582089104,0.14732427687845454,0.12498923142066554,0.0448022296697245,0.2488544787537095,0.0
Dukascopy_1m,USDCHF,FX,RTH,2016-2026,Fri->Mon,552,280,128,0.45714285714285713,0.3997665750473909,0.5156791808343775,0.4438405797101449,0.43014705882352944,0.02699579831932769,-0.055595056615689475,0.10902222148028778,0.5491695798614475,0.0543447873624614,-0.01014276402230241,-0.056619509927638347,0.0
Dukascopy_1m,USDJPY,FX,RTH,2016-2026,Fri->Mon,552,279,116,0.4157706093189964,0.35946574390777786,0.47436342598843806,0.41847826086956524,0.42124542124542125,-0.00547481192642485,-0.08722267453063522,0.07632559110633819,0.9313117318382168,-0.01109808021518588,-0.1829681755137176,-1.0172038549262301,0.0
Dukascopy_1m,WTIUSD,COMMOD,RTH,2016-2026,Fri->Mon,530,262,125,0.4770992366412214,0.41738785555911156,0.5374724583541755,0.4528301886792453,0.4291044776119403,0.047994759029281076,-0.03654605831394639,0.1316058299424981,0.29513315576506505,0.0964529509529497,0.050494183922990266,0.2764174007044308,0.0
Dukascopy_1m,XAGUSD,COMMOD,RTH,2016-2026,Fri->Mon,526,248,116,0.46774193548387094,0.40660817885706335,0.5298597876369219,0.41825095057034223,0.37410071942446044,0.0936412160594105,0.009210066680336637,0.17647821385386928,0.033629172155659824,0.18997727853184232,0.12042823311227857,0.6376016761498142,0.0
Dukascopy_1m,XAUUSD,COMMOD,RTH,2016-2026,Fri->Mon,533,257,111,0.43190661478599224,0.3727886038586004,0.49303027264116855,0.40337711069418386,0.37681159420289856,0.05509502058309368,-0.028069062726641822,0.13739456840943998,0.2162787763531685,0.11232874405231774,-0.058473417736262606,-0.3105806684912616,0.0
Dukascopy_1m,POOL_COMMOD,COMMOD,RTH,2016-2026,Fri->Mon,1589,767,352,0.4589308996088657,0.4239574216618992,0.49431371012649283,0.4247954688483323,0.3929440389294404,0.06598686067942527,0.017341199919266394,0.11424492383520093,0.008288467172370287,0.13355173459169944,0.0384051671989163,0.3578150217836073,0.0
Dukascopy_1m,POOL_CRYPTO,CRYPTO,RTH,2016-2026,Fri->Mon,477,261,104,0.39846743295019155,0.340958541961664,0.45892173269018843,0.4276729559748428,0.46296296296296297,-0.06449553001277142,-0.1524608710718871,0.024469150651673405,0.16413469819077084,-0.13034528252660071,-0.4207624198633577,-2.1702046270630935,0.0
Dukascopy_1m,POOL_FX,FX,RTH,2016-2026,Fri->Mon,3312,1685,743,0.44094955489614246,0.4174039321711325,0.4647638113073109,0.43085748792270534,0.4204056545789797,0.020543900317162744,-0.013181524288357262,0.05419147975641264,0.23305770062229852,0.04149164046288156,-0.11917148724046699,-1.617741970438531,0.0
Dukascopy_1m,POOL_US_INDEX,US_INDEX,RTH,2016-2026,Fri->Mon,1036,467,217,0.46466809421841543,0.41990554488690973,0.5100071690812817,0.37065637065637064,0.29349736379613356,0.17117073042228187,0.11199811689776659,0.22902093345270585,1.699309866356901e-08,0.35502870520422625,0.4201037230259966,2.951989731907315,0.0
Dukascopy_1m,AUDUSD,FX,BROKER,2016-2026,Fri->Mon,555,297,148,0.4983164983164983,0.44183820653373623,0.5548377835245488,0.43243243243243246,0.35658914728682173,0.1417273510296766,0.0592110144048371,0.22125858139479085,0.0008174251126210601,0.2875404817874381,-0.07465363209029151,-0.36076619720616926,0.1798611111111111
Dukascopy_1m,BTCUSD,CRYPTO,BROKER,2016-2026,Fri->Mon,483,275,124,0.4509090909090909,0.39317835721796035,0.5099924262294104,0.42028985507246375,0.3798076923076923,0.07110139860139864,-0.017774011232718448,0.1576273572889786,0.1363544980455207,0.14442181904381934,-0.009342432068991597,-0.04651575636686167,0.03784722222222223
Dukascopy_1m,EURUSD,FX,BROKER,2016-2026,Fri->Mon,555,303,154,0.5082508250825083,0.4522100782615741,0.5640849817971836,0.42342342342342343,0.32142857142857145,0.18682225365393684,0.10474231800318415,0.26492198776842185,1.0362014311382693e-05,0.3817096204593189,0.18174909485876414,0.8668401679500556,0.1798611111111111
Dukascopy_1m,GBPUSD,FX,BROKER,2016-2026,Fri->Mon,554,306,141,0.46078431372549017,0.4057664120181935,0.5167746188323975,0.41696750902527074,0.3629032258064516,0.09788108791903855,0.015352800580114359,0.17801724731192314,0.02418932608207571,0.19923900354101565,-0.3431716530652651,-1.6126728570519349,0.1798611111111111
Dukascopy_1m,NAS100,US_INDEX,BROKER,2016-2026,Fri->Mon,538,239,120,0.502092050209205,0.4391731062245541,0.5649448067745535,0.395910780669145,0.3110367892976589,0.19105526091154612,0.10775621183478655,0.27124255988020635,8.622095547680306e-06,0.39173969919641194,0.43258293160951655,2.1143263414749134,0.10936329588014981
Dukascopy_1m,US500,US_INDEX,BROKER,2016-2026,Fri->Mon,538,236,116,0.4915254237288136,0.4283916327492647,0.5549306835021954,0.3680297397769517,0.271523178807947,0.22000224492086656,0.13770216769347948,0.2989614258701024,1.6602779686340597e-07,0.4576173751565511,0.45579611544978005,2.175567507242422,0.10936329588014981
Dukascopy_1m,USDCAD,FX,BROKER,2016-2026,Fri->Mon,554,262,146,0.5572519083969466,0.4967097296103359,0.6161394856064469,0.44404332129963897,0.3424657534246575,0.2147861549722891,0.13220847802399377,0.29339088419413306,4.132175332054128e-07,0.4352843389327501,0.1973946064939686,0.9754340443011336,0.1798611111111111
Dukascopy_1m,USDCHF,FX,BROKER,2016-2026,Fri->Mon,554,298,142,0.47651006711409394,0.42046407164109173,0.533153963287912,0.4548736462093863,0.4296875,0.04682256711409394,-0.03619154485054059,0.1287274747761874,0.3045345337152028,0.0940954948928312,-0.3125561763613952,-1.556887447500618,0.1798611111111111
Dukascopy_1m,USDJPY,FX,BROKER,2016-2026,Fri->Mon,555,295,144,0.488135593220339,0.4316150076374913,0.5449612009393783,0.4126126126126126,0.3269230769230769,0.16121251629726208,0.07937967731146386,0.23969872038320583,0.00014012899996455669,0.3297373456762611,0.31552890479595863,1.543381519817044,0.1798611111111111
Dukascopy_1m,WTIUSD,COMMOD,BROKER,2016-2026,Fri->Mon,536,268,140,0.5223880597014925,0.4626929976832546,0.5814503793132437,0.458955223880597,0.39552238805970147,0.12686567164179102,0.042496785426304695,0.20871669697285847,0.004187057658287682,0.2552975725078823,0.0724464170499601,0.3620167362132536,0.17028985507246377
Dukascopy_1m,XAGUSD,COMMOD,BROKER,2016-2026,Fri->Mon,536,268,124,0.4626865671641791,0.40393978588600177,0.5224879191198342,0.4085820895522388,0.35447761194029853,0.10820895522388058,0.024978997872712433,0.1893519824679757,0.013796830874931781,0.22062240016541068,-0.14015375082210382,-0.6780698955208115,0.17028985507246377
Dukascopy_1m,XAUUSD,COMMOD,BROKER,2016-2026,Fri->Mon,536,264,132,0.5,0.44012035809568223,0.5598796419043177,0.42350746268656714,0.3492647058823529,0.15073529411764708,0.06709374292401263,0.23150150518310625,0.0004676645226057253,0.30623462384595546,-0.08977793767293105,-0.4287758769823301,0.17028985507246377
Dukascopy_1m,POOL_COMMOD,COMMOD,BROKER,2016-2026,Fri->Mon,1608,800,396,0.495,0.4604609062223737,0.5295868825396832,0.43034825870646765,0.36633663366336633,0.12866336633663367,0.08035096711228532,0.17613473336237895,2.0660654475249976e-07,0.26061755991941693,-0.05175954382598506,-0.4380493769369093,0.17028985507246377
Dukascopy_1m,POOL_CRYPTO,CRYPTO,BROKER,2016-2026,Fri->Mon,483,275,124,0.4509090909090909,0.39317835721796035,0.5099924262294104,0.42028985507246375,0.3798076923076923,0.07110139860139864,-0.017774011232718448,0.1576273572889786,0.1363544980455207,0.14442181904381934,-0.009342432068991597,-0.04651575636686167,0.03784722222222223
Dukascopy_1m,POOL_FX,FX,BROKER,2016-2026,Fri->Mon,3327,1761,875,0.49687677455990914,0.4735566854002406,0.5202104601158498,0.4307183648932973,0.3563218390804598,0.14055493547944936,0.10705899514963713,0.17355935324853655,2.7625365755243734e-16,0.28521911071509853,-0.015335932717261474,-0.18398402816273413,0.1798611111111111
Dukascopy_1m,POOL_US_INDEX,US_INDEX,BROKER,2016-2026,Fri->Mon,1076,475,236,0.4968421052631579,0.4520843930978001,0.5416504852325175,0.3819702602230483,0.2911813643926789,0.20566074087047903,0.14723368125392683,0.2624591576543136,7.176847597531456e-12,0.4245275635051424,0.44082186320870653,3.016674343064802,0.10936329588014981
Dukascopy_1m,AUDUSD,FX,NYFX,2016-2026,Fri->Mon,555,297,148,0.4983164983164983,0.44183820653373623,0.5548377835245488,0.43243243243243246,0.35658914728682173,0.1417273510296766,0.0592110144048371,0.22125858139479085,0.0008174251126210601,0.2875404817874381,-0.07465363209029151,-0.36076619720616926,
Dukascopy_1m,BTCUSD,CRYPTO,NYFX,2016-2026,Fri->Mon,483,260,120,0.46153846153846156,0.4019427651126266,0.5222541367336752,0.42857142857142855,0.3901345291479821,0.07140393239047949,-0.01705001409357844,0.15792703984765388,0.11800133169469121,0.14453952259542224,-0.05692907131674028,-0.28267429195795407,
Dukascopy_1m,EURUSD,FX,NYFX,2016-2026,Fri->Mon,555,303,154,0.5082508250825083,0.4522100782615741,0.5640849817971836,0.42342342342342343,0.32142857142857145,0.18682225365393684,0.10474231800318415,0.26492198776842185,1.0362014311382693e-05,0.3817096204593189,0.18174909485876414,0.8668401679500556,
Dukascopy_1m,GBPUSD,FX,NYFX,2016-2026,Fri->Mon,554,306,141,0.46078431372549017,0.4057664120181935,0.5167746188323975,0.41696750902527074,0.3629032258064516,0.09788108791903855,0.015352800580114359,0.17801724731192314,0.02418932608207571,0.19923900354101565,-0.3431716530652651,-1.6126728570519349,
Dukascopy_1m,NAS100,US_INDEX,NYFX,2016-2026,Fri->Mon,538,239,120,0.502092050209205,0.4391731062245541,0.5649448067745535,0.395910780669145,0.3110367892976589,0.19105526091154612,0.10775621183478655,0.27124255988020635,8.622095547680306e-06,0.39173969919641194,0.43258293160951655,2.1143263414749134,
Dukascopy_1m,US500,US_INDEX,NYFX,2016-2026,Fri->Mon,538,236,116,0.4915254237288136,0.4283916327492647,0.5549306835021954,0.3680297397769517,0.271523178807947,0.22000224492086656,0.13770216769347948,0.2989614258701024,1.6602779686340597e-07,0.4576173751565511,0.45579611544978005,2.175567507242422,
Dukascopy_1m,USDCAD,FX,NYFX,2016-2026,Fri->Mon,554,262,146,0.5572519083969466,0.4967097296103359,0.6161394856064469,0.44404332129963897,0.3424657534246575,0.2147861549722891,0.13220847802399377,0.29339088419413306,4.132175332054128e-07,0.4352843389327501,0.1973946064939686,0.9754340443011336,
Dukascopy_1m,USDCHF,FX,NYFX,2016-2026,Fri->Mon,554,298,142,0.47651006711409394,0.42046407164109173,0.533153963287912,0.4548736462093863,0.4296875,0.04682256711409394,-0.03619154485054059,0.1287274747761874,0.3045345337152028,0.0940954948928312,-0.3125561763613952,-1.556887447500618,
Dukascopy_1m,USDJPY,FX,NYFX,2016-2026,Fri->Mon,555,295,144,0.488135593220339,0.4316150076374913,0.5449612009393783,0.4126126126126126,0.3269230769230769,0.16121251629726208,0.07937967731146386,0.23969872038320583,0.00014012899996455669,0.3297373456762611,0.31552890479595863,1.543381519817044,
Dukascopy_1m,WTIUSD,COMMOD,NYFX,2016-2026,Fri->Mon,536,268,140,0.5223880597014925,0.4626929976832546,0.5814503793132437,0.458955223880597,0.39552238805970147,0.12686567164179102,0.042496785426304695,0.20871669697285847,0.004187057658287682,0.2552975725078823,0.07229167710126418,0.3612387475682077,
Dukascopy_1m,XAGUSD,COMMOD,NYFX,2016-2026,Fri->Mon,536,268,124,0.4626865671641791,0.40393978588600177,0.5224879191198342,0.4085820895522388,0.35447761194029853,0.10820895522388058,0.024978997872712433,0.1893519824679757,0.013796830874931781,0.22062240016541068,-0.14016613017765783,-0.6781325102653994,
Dukascopy_1m,XAUUSD,COMMOD,NYFX,2016-2026,Fri->Mon,536,264,132,0.5,0.44012035809568223,0.5598796419043177,0.42350746268656714,0.3492647058823529,0.15073529411764708,0.06709374292401263,0.23150150518310625,0.0004676645226057253,0.30623462384595546,-0.08977793767293105,-0.4287758769823301,
Dukascopy_1m,POOL_COMMOD,COMMOD,NYFX,2016-2026,Fri->Mon,1608,800,396,0.495,0.4604609062223737,0.5295868825396832,0.43034825870646765,0.36633663366336633,0.12866336633663367,0.08035096711228532,0.17613473336237895,2.0660654475249976e-07,0.26061755991941693,-0.0518135908839388,-0.4385054744605708,
Dukascopy_1m,POOL_CRYPTO,CRYPTO,NYFX,2016-2026,Fri->Mon,483,260,120,0.46153846153846156,0.4019427651126266,0.5222541367336752,0.42857142857142855,0.3901345291479821,0.07140393239047949,-0.01705001409357844,0.15792703984765388,0.11800133169469121,0.14453952259542224,-0.05692907131674028,-0.28267429195795407,
Dukascopy_1m,POOL_FX,FX,NYFX,2016-2026,Fri->Mon,3327,1761,875,0.49687677455990914,0.4735566854002406,0.5202104601158498,0.4307183648932973,0.3563218390804598,0.14055493547944936,0.10705899514963713,0.17355935324853655,2.7625365755243734e-16,0.28521911071509853,-0.015335932717261474,-0.18398402816273413,
Dukascopy_1m,POOL_US_INDEX,US_INDEX,NYFX,2016-2026,Fri->Mon,1076,475,236,0.4968421052631579,0.4520843930978001,0.5416504852325175,0.3819702602230483,0.2911813643926789,0.20566074087047903,0.14723368125392683,0.2624591576543136,7.176847597531456e-12,0.4245275635051424,0.44082186320870653,3.016674343064802,
Dukascopy_1m,AUDUSD,FX,UTC,2016-2026,Fri->Mon,555,304,147,0.48355263157894735,0.42793368942709964,0.5395820570278813,0.42342342342342343,0.350597609561753,0.13295502201719434,0.050494805796013495,0.21243702982570792,0.0018735573231928814,0.27053929825242107,-0.08382546954606045,-0.40817243237247774,
Dukascopy_1m,BTCUSD,CRYPTO,UTC,2016-2026,Fri->Mon,483,275,124,0.4509090909090909,0.39317835721796035,0.5099924262294104,0.42028985507246375,0.3798076923076923,0.07110139860139864,-0.017774011232718448,0.1576273572889786,0.1363544980455207,0.14442181904381934,-0.009342432068991597,-0.04651575636686167,
Dukascopy_1m,EURUSD,FX,UTC,2016-2026,Fri->Mon,555,307,149,0.48534201954397393,0.4299629113917932,0.5410834218928811,0.41081081081081083,0.3185483870967742,0.16679363244719975,0.0848655029410577,0.2449900612365546,9.067514350031555e-05,0.34206147686299593,0.09518094064550801,0.4605854729535087,
Dukascopy_1m,GBPUSD,FX,UTC,2016-2026,Fri->Mon,555,309,140,0.45307443365695793,0.39848629212045467,0.5088149968157365,0.4126126126126126,0.3617886178861789,0.09128581577077904,0.008869291240411942,0.17136595155747328,0.030530776510074402,0.1860803804111597,-0.2964778046181213,-1.421930946362866,
Dukascopy_1m,NAS100,US_INDEX,UTC,2016-2026,Fri->Mon,538,246,121,0.491869918699187,0.4300038288482713,0.5539860180775318,0.38661710037174724,0.2979452054794521,0.19392471321973492,0.1112743151452898,0.27338825075003365,5.436929891351305e-06,0.3997443072253486,0.4446529677654444,2.1936772350508225,
Dukascopy_1m,US500,US_INDEX,UTC,2016-2026,Fri->Mon,538,241,115,0.47717842323651455,0.4149717109461003,0.5401012572800217,0.3643122676579926,0.2727272727272727,0.20445115050924184,0.12252554175802477,0.28329433440822394,1.0863897858797127e-06,0.4262028208326043,0.44326418966128583,2.1481593062779565,
Dukascopy_1m,USDCAD,FX,UTC,2016-2026,Fri->Mon,554,262,147,0.5610687022900763,0.5005252460221531,0.6198472502090818,0.43501805054151627,0.3219178082191781,0.23915089407089823,0.15694945702548974,0.31695567217747467,2.063813299499574e-08,0.48660299677236596,0.42159784629975683,2.128680487550902,
Dukascopy_1m,USDCHF,FX,UTC,2016-2026,Fri->Mon,554,296,133,0.44932432432432434,0.3936669975720418,0.5062801274253055,0.4314079422382672,0.4108527131782946,0.03847161114602976,-0.04404028474953983,0.119973825727044,0.390171840748549,0.07772730753775892,-0.17213664534280126,-0.8988096087772236,
Dukascopy_1m,USDJPY,FX,UTC,2016-2026,Fri->Mon,555,295,135,0.4576271186440678,0.40168425377843114,0.5146593482818169,0.4018018018018018,0.3384615384615385,0.11916558018252932,0.037498748254603156,0.1982537219538346,0.005445583767674775,0.24413144066382886,0.06670942589182872,0.33645995060540157,
Dukascopy_1m,WTIUSD,COMMOD,UTC,2016-2026,Fri->Mon,536,272,141,0.5183823529411765,0.4591607553955503,0.5770919531086501,0.4533582089552239,0.38636363636363635,0.13201871657754016,0.04773925700653778,0.21364190734614605,0.002391869957810549,0.2660491962678029,0.09460635232525047,0.47481865157516034,
Dukascopy_1m,XAGUSD,COMMOD,UTC,2016-2026,Fri->Mon,536,274,126,0.45985401459854014,0.40180408400821205,0.5190140685692342,0.40671641791044777,0.3511450381679389,0.10870897643060123,0.025531896810057395,0.189668914669696,0.010909441902961295,0.22191441184354876,-0.10959160070454049,-0.5358380902814214,
Dukascopy_1m,XAUUSD,COMMOD,UTC,2016-2026,Fri->Mon,536,277,131,0.4729241877256318,0.4149018458073686,0.5316872366486627,0.4197761194029851,0.36293436293436293,0.10998982479126884,0.026402380066270104,0.19127506067006664,0.011117690472975585,0.22350813031877026,-0.3071973121238581,-1.4562059093061863,
Dukascopy_1m,POOL_COMMOD,COMMOD,UTC,2016-2026,Fri->Mon,1608,823,398,0.4835965978128797,0.4496104873340646,0.5177351268559768,0.42661691542288555,0.3668789808917197,0.11671761692116,0.06844082238251352,0.16419187507584532,2.6544932888311985e-06,0.23667954806302038,-0.10270432859791796,-0.872593205001163,
Dukascopy_1m,POOL_CRYPTO,CRYPTO,UTC,2016-2026,Fri->Mon,483,275,124,0.4509090909090909,0.39317835721796035,0.5099924262294104,0.42028985507246375,0.3798076923076923,0.07110139860139864,-0.017774011232718448,0.1576273572889786,0.1363544980455207,0.14442181904381934,-0.009342432068991597,-0.04651575636686167,
Dukascopy_1m,POOL_FX,FX,UTC,2016-2026,Fri->Mon,3328,1773,851,0.47997743936830234,0.4567908984534504,0.5032505562033296,0.4191706730769231,0.3498392282958199,0.1301382110724824,0.09673277128833513,0.16307600575545353,3.420445591364627e-14,0.2649739091696275,0.003583037655454015,0.04390576246677751,
Dukascopy_1m,POOL_US_INDEX,US_INDEX,UTC,2016-2026,Fri->Mon,1076,487,236,0.48459958932238195,0.44050782949877093,0.5289324047551992,0.3754646840148699,0.28522920203735147,0.19937038728503048,0.14131660766696832,0.25584234628138136,2.5628686393753007e-11,0.4131794028596014,0.43864215524753425,3.0389839298760823,
Dukascopy_1m,AUDUSD,FX,LONDON,2016-2026,Fri->Mon,555,302,146,0.48344370860927155,0.4276456431570336,0.5396576778558879,0.42342342342342343,0.35177865612648224,0.1316650524827893,0.04924590330599739,0.21117145336007065,0.0019127589513899482,0.2678471161799605,-0.06861100255029416,-0.33536520934349484,
Dukascopy_1m,BTCUSD,CRYPTO,LONDON,2016-2026,Fri->Mon,483,269,117,0.4349442379182156,0.3770289482994781,0.4946914267810506,0.4140786749482402,0.3878504672897196,0.04709377062849601,-0.0412510504778944,0.13374394904870196,0.30769105459582324,0.09574225628546573,-0.10177639199267888,-0.5086066717593712,
Dukascopy_1m,EURUSD,FX,LONDON,2016-2026,Fri->Mon,555,309,150,0.4854368932038835,0.4302330438385473,0.5409983906588914,0.4126126126126126,0.32113821138211385,0.16429868182176965,0.08224137844578118,0.24262755193703583,9.500699945432382e-05,0.3366986847999325,0.05645893837369839,0.27006510633913827,
Dukascopy_1m,GBPUSD,FX,LONDON,2016-2026,Fri->Mon,555,309,140,0.45307443365695793,0.39848629212045467,0.5088149968157365,0.4126126126126126,0.3617886178861789,0.09128581577077904,0.008869291240411942,0.17136595155747328,0.030530776510074402,0.1860803804111597,-0.30716271345688306,-1.4702156035587493,
Dukascopy_1m,NAS100,US_INDEX,LONDON,2016-2026,Fri->Mon,538,244,120,0.4918032786885246,0.4296897414244233,0.5541709087709346,0.38847583643122674,0.30272108843537415,0.18908219025315043,0.10626111686738499,0.26882730498902774,8.597288220105127e-06,0.3891924068121295,0.4185711791515017,2.059741495016217,
Dukascopy_1m,US500,US_INDEX,LONDON,2016-2026,Fri->Mon,538,240,115,0.4791666666666667,0.4167912046504396,0.542198542013792,0.36059479553903345,0.2651006711409396,0.21406599552572708,0.13229631014258722,0.2926286435182431,3.7185491539721523e-07,0.44738395256113117,0.47265673131371205,2.2677533619509824,
Dukascopy_1m,USDCAD,FX,LONDON,2016-2026,Fri->Mon,554,261,146,0.5593869731800766,0.49872780704437303,0.6183233530649206,0.4368231046931408,0.32764505119453924,0.23174192198553734,0.1494089242051606,0.3098181783192205,5.615108707440519e-08,0.4709847201573376,0.36994437188044044,1.8626955269279921,
Dukascopy_1m,USDCHF,FX,LONDON,2016-2026,Fri->Mon,554,295,133,0.45084745762711864,0.39506148029605426,0.5078970980938335,0.4314079422382672,0.4092664092664093,0.04158104836070936,-0.04092193963647775,0.12303008820216454,0.34487031602795104,0.08401408662308807,-0.18021506537202628,-0.9377646029082733,
Dukascopy_1m,USDJPY,FX,LONDON,2016-2026,Fri->Mon,555,289,134,0.46366782006920415,0.407027165162261,0.5212616772558536,0.4,0.3308270676691729,0.13284075240003124,0.05134237469693061,0.2116415794268212,0.0017696525156065833,0.2724300749203543,0.17796410782266056,0.8957708965695276,
Dukascopy_1m,WTIUSD,COMMOD,LONDON,2016-2026,Fri->Mon,536,270,140,0.5185185185185185,0.4590787884649715,0.5774386915508934,0.4533582089552239,0.38721804511278196,0.13130047340573653,0.04702202934741581,0.21295804408331606,0.0024184023177491725,0.2645673343323336,0.10433556098489148,0.5250484648797498,
Dukascopy_1m,XAGUSD,COMMOD,LONDON,2016-2026,Fri->Mon,536,269,123,0.45724907063197023,0.3987367380924372,0.5169652226747673,0.4048507462686567,0.352059925093633,0.10518914553833725,0.022081983119482118,0.18625325430475564,0.013898620634548095,0.2147704122266827,-0.09408714876877854,-0.46143749574048504,
Dukascopy_1m,XAUUSD,COMMOD,LONDON,2016-2026,Fri->Mon,536,275,129,0.4690909090909091,0.4109407589757216,0.5280926972689193,0.4197761194029851,0.367816091954023,0.10127481713688613,0.017702331772398966,0.1827517965799267,0.018332067601570894,0.2056907352554913,-0.3504706445849395,-1.6557970152385797,
Dukascopy_1m,POOL_COMMOD,COMMOD,LONDON,2016-2026,Fri->Mon,1608,814,392,0.48157248157248156,0.44741462037246993,0.5159034534712562,0.4259950248756219,0.3690176322418136,0.11255484933066795,0.06427552059720808,0.16007611005804048,5.554228079383085e-06,0.2281940887891789,-0.10529260037455401,-0.8959918816580771,
Dukascopy_1m,POOL_CRYPTO,CRYPTO,LONDON,2016-2026,Fri->Mon,483,269,117,0.4349442379182156,0.3770289482994781,0.4946914267810506,0.4140786749482402,0.3878504672897196,0.04709377062849601,-0.0412510504778944,0.13374394904870196,0.30769105459582324,0.09574225628546573,-0.10177639199267888,-0.5086066717593712,
Dukascopy_1m,POOL_FX,FX,LONDON,2016-2026,Fri->Mon,3328,1765,849,0.4810198300283286,0.45777685702833054,0.5043452429112143,0.41947115384615385,0.34996801023672425,0.13105181979160435,0.09765083628331525,0.16398679200638008,2.0466264522690657e-14,0.26679026090156266,0.007871636806668518,0.09628230191871923,
Dukascopy_1m,POOL_US_INDEX,US_INDEX,LONDON,2016-2026,Fri->Mon,1076,484,235,0.4855371900826446,0.4413005869919394,0.5300015650763912,0.3745353159851301,0.28378378378378377,0.20175340629886085,0.1436832836940155,0.25823659646487956,1.0926358958189887e-11,0.418259090235912,0.44052213702392656,3.0328715872314516,
Yahoo_daily_futures,YF_CL,COMMOD,YF_DAILY,2000-2026,Fri->Mon,1166,579,321,0.5544041450777202,0.5136927580223603,0.5943983858840332,0.4854202401372213,0.41737649063032367,0.1370276544473965,0.07974107746230628,0.19304931739025877,3.5541939836042975e-06,0.27503261154941727,-0.021641579524434556,-0.15572298723779016,
Yahoo_daily_futures,YF_ES,US_INDEX,YF_DAILY,2000-2026,Fri->Mon,1188,531,286,0.5386064030131826,0.49608011383131434,0.5805781169842313,0.43265993265993263,0.3470319634703196,0.19157443954286302,0.13507792116978756,0.246491360474424,3.7701529587104746e-11,0.38821122444952283,0.37722410338140683,2.724979627339072,
Yahoo_daily_futures,YF_GC,COMMOD,YF_DAILY,2000-2026,Fri->Mon,1049,511,247,0.48336594911937375,0.440323977257244,0.5266561489374478,0.4194470924690181,0.3587360594795539,0.12462988963981986,0.0649099966727966,0.18316246887046486,4.7006392771046986e-05,0.2531540921393256,0.15019484578279296,1.013197456772082,
Yahoo_daily_futures,YF_NQ,US_INDEX,YF_DAILY,2000-2026,Fri->Mon,1181,565,317,0.5610619469026549,0.5198663506656928,0.6014328249307007,0.46147332768839966,0.37012987012987014,0.19093207677278473,0.13432450210856592,0.245838770569188,5.347872534843552e-11,0.38518273511488244,0.34133183875005546,2.443069913866363,
Yahoo_daily_futures,YF_SI,COMMOD,YF_DAILY,2000-2026,Fri->Mon,1090,534,265,0.49625468164794007,0.45402635872473895,0.5385365054159863,0.4596330275229358,0.4244604316546763,0.07179424999326378,0.012612467473513897,0.1302930678318166,0.01787624499176029,0.1441691423903766,-0.010355360519416866,-0.06654367719963991,
Yahoo_daily_futures,POOL_COMMOD,COMMOD,YF_DAILY,2000-2026,Fri->Mon,3305,1624,833,0.5129310344827587,0.488619489571671,0.5371815488356119,0.45597579425113466,0.40095181439619276,0.11197922008656591,0.07807703463719641,0.14552402881624776,1.243729812294203e-10,0.2252803744723948,0.07349523251664063,0.8797606879764844,
Yahoo_daily_futures,POOL_US_INDEX,US_INDEX,YF_DAILY,2000-2026,Fri->Mon,2369,1096,603,0.5501824817518248,0.5206061922443891,0.5794082226676908,0.4470240607851414,0.3582089552238806,0.19197352652794425,0.15210854973500593,0.2310084039660361,8.410636016680622e-21,0.388061723864187,0.36066940764205785,3.6702293240479005,
