dataset,asset_group,session_def,period,scope,n_eligible,n_trigger,touches,hit_rate,ci95_lo,ci95_hi,base_rate_all,opposite_rate,uplift_vs_opposite,uplift_ci_lo,uplift_ci_hi,fisher_p,cohens_h,logit_beta_controlled,logit_z_controlled
Dukascopy_1m,COMMOD,RTH,2016,Fri->Mon,145,75,39,0.52,0.4087421577281785,0.6293088885725093,0.42758620689655175,0.32857142857142857,0.19142857142857145,0.03039521816060231,0.3386256802980563,0.028663616627843183,0.38996738559705135,0.46978398155588247,1.2765692325239988
Dukascopy_1m,COMMOD,RTH,2017,Fri->Mon,139,66,31,0.4696969696969697,0.35430428496377675,0.5884231427340136,0.4460431654676259,0.4246575342465753,0.045039435450394405,-0.11741390550890465,0.2047437891421134,0.612392400222628,0.0906178547143679,-0.07712737958344336,-0.21150118716934646
Dukascopy_1m,COMMOD,RTH,2018,Fri->Mon,152,86,34,0.3953488372093023,0.2986242725154595,0.501022792032719,0.4473684210526316,0.5151515151515151,-0.11980267794221283,-0.271129080257692,0.038632636773464346,0.18784331656762893,-0.24116909793486174,-0.8601264452098805,-2.3305713722762222
Dukascopy_1m,COMMOD,RTH,2019,Fri->Mon,151,77,31,0.4025974025974026,0.3002201729682805,0.5142314683205054,0.4370860927152318,0.47297297297297297,-0.07037557037557035,-0.22230297506443605,0.08605727442931929,0.41500608635102254,-0.14197842445282904,-0.7114087680024808,-1.9269315644816016
Dukascopy_1m,COMMOD,RTH,2020,Fri->Mon,148,79,36,0.45569620253164556,0.3504845759399334,0.565016670662313,0.39864864864864863,0.3333333333333333,0.12236286919831224,-0.035284507565253975,0.2704019228500958,0.1349275615671243,0.25111295538458234,0.3880772001493232,1.1068485925599816
Dukascopy_1m,COMMOD,RTH,2021,Fri->Mon,150,71,30,0.4225352112676056,0.31453012070149655,0.5384925197797118,0.36,0.3037974683544304,0.11873774291317524,-0.03438970437713737,0.26574023672406916,0.1727734723015506,0.24768875810009172,0.40607258881346886,1.0983341063186627
Dukascopy_1m,COMMOD,RTH,2022,Fri->Mon,146,77,41,0.5324675324675324,0.42215020982869184,0.639699243075046,0.4452054794520548,0.34782608695652173,0.1846414455110107,0.023327908949338005,0.33239217554512873,0.030504134821447516,0.3742344866635259,0.634586714580508,1.7690594098333943
Dukascopy_1m,COMMOD,RTH,2023,Fri->Mon,144,54,30,0.5555555555555556,0.42375646526775257,0.6799753582777035,0.4236111111111111,0.34444444444444444,0.21111111111111114,0.04401063367925853,0.3646612406470231,0.01530003421734591,0.42770295434071515,0.23489865394755483,0.5632794865825581
Dukascopy_1m,COMMOD,RTH,2024,Fri->Mon,153,62,34,0.5483870967741935,0.4253251246984431,0.6658028683240047,0.48366013071895425,0.43956043956043955,0.10882665721375395,-0.05124674762313414,0.2614283402309654,0.19291402353862602,0.2181013356874808,0.11585599599138983,0.3299022645135575
Dukascopy_1m,COMMOD,RTH,2025,Fri->Mon,153,70,28,0.4,0.2933425772556162,0.5170620352264372,0.3660130718954248,0.3373493975903614,0.0626506024096386,-0.08835467106944761,0.2118516241547577,0.5009528960411571,0.12997231934900944,0.18512792852601645,0.5400769441112803
Dukascopy_1m,COMMOD,RTH,2026,Fri->Mon,108,50,18,0.36,0.24138749651846741,0.49858983123887307,0.4444444444444444,0.5172413793103449,-0.15724137931034488,-0.32845889545540363,0.02980731637515391,0.12207457568789053,-0.3182837051700069,-0.6500083160772486,-1.5740288074027948
Dukascopy_1m,FX,RTH,2016,Fri->Mon,312,164,59,0.3597560975609756,0.2902885412014458,0.4356432975515642,0.41025641025641024,0.46621621621621623,-0.10646011865524063,-0.21256740669591823,0.002721361313399978,0.0653322636239856,-0.21668319159962146,-0.6078857947634068,-2.488475201674744
Dukascopy_1m,FX,RTH,2017,Fri->Mon,300,153,66,0.43137254901960786,0.3555251776015447,0.5105816530929606,0.4533333333333333,0.47619047619047616,-0.0448179271708683,-0.15528283095177525,0.0671215176055093,0.4867254676894617,-0.09005248967982582,-0.3573031171483403,-1.4685127494764438
Dukascopy_1m,FX,RTH,2018,Fri->Mon,312,174,83,0.47701149425287354,0.40409859919759505,0.5509175142944458,0.4326923076923077,0.37681159420289856,0.10019990004997498,-0.01039322345859614,0.20655531265557736,0.08493175226882849,0.20294681424495087,0.32673531969131775,1.3752149552286022
Dukascopy_1m,FX,RTH,2019,Fri->Mon,312,151,74,0.4900662251655629,0.41157349587684466,0.5690518481179185,0.46153846153846156,0.43478260869565216,0.05528361646991076,-0.0548194009207975,0.16363556397272452,0.363839750356321,0.11093863915831004,-0.17162910545703083,-0.6942272389818838
Dukascopy_1m,FX,RTH,2020,Fri->Mon,306,170,76,0.4470588235294118,0.3743111320864583,0.5221462485515758,0.46078431372549017,0.47794117647058826,-0.030882352941176472,-0.14155057886412176,0.08044004795180544,0.6446786102365085,-0.06194922909485889,-0.222949003796039,-0.9390733496599736
Dukascopy_1m,FX,RTH,2021,Fri->Mon,312,160,72,0.45,0.3749863030702235,0.5273583164469271,0.4326923076923077,0.4144736842105263,0.035526315789473684,-0.07376375709840857,0.1434573192992913,0.5682650650855143,0.07173052654674339,-0.3071532985031652,-1.2070187085915467
Dukascopy_1m,FX,RTH,2022,Fri->Mon,312,151,78,0.5165562913907285,0.43743332672143076,0.5948577666206307,0.4391025641025641,0.36645962732919257,0.15009666406153588,0.039876681747501155,0.2554659119358973,0.008714290321454283,0.30348109447864013,0.4497543272979552,1.858702158571326
Dukascopy_1m,FX,RTH,2023,Fri->Mon,300,138,63,0.45652173913043476,0.37571826809265996,0.5396802331652159,0.42,0.3888888888888889,0.06763285024154586,-0.04385474511883694,0.1774114082669321,0.2432252795440131,0.13702660995397498,0.004687821738617934,0.018600718015351583
Dukascopy_1m,FX,RTH,2024,Fri->Mon,312,145,58,0.4,0.3238355156466203,0.4813262972664363,0.3974358974358974,0.39520958083832336,0.004790419161676662,-0.1025979224686134,0.1127435493755468,1.0,0.00978833711863758,-0.10256662038849662,-0.4210317167297312
Dukascopy_1m,FX,RTH,2025,Fri->Mon,312,168,69,0.4107142857142857,0.3391273539140302,0.4862931225770177,0.4166666666666667,0.4236111111111111,-0.012896825396825407,-0.12149308115783945,0.09549153748832287,0.8190231043987495,-0.02615591063730638,-0.12016363248549174,-0.5061350849406304
Dukascopy_1m,FX,RTH,2026,Fri->Mon,222,111,45,0.40540540540540543,0.31871849321461765,0.49842071578142966,0.4099099099099099,0.4144144144144144,-0.009009009009008973,-0.13614928459570255,0.11854340417005607,1.0,-0.018318096180446997,-0.24641164240295887,-0.8604669149463948
Dukascopy_1m,US_INDEX,RTH,2016,Fri->Mon,93,47,18,0.3829787234042553,0.25790681096421997,0.5257343304358642,0.3548387096774194,0.32608695652173914,0.05689176688251618,-0.13401901332404983,0.2417386943594812,0.6659513630253628,0.11901775600975029,-0.38912521566642144,-0.7123844826791415
Dukascopy_1m,US_INDEX,RTH,2017,Fri->Mon,86,35,13,0.37142857142857144,0.2316581950336571,0.5366306315640468,0.26744186046511625,0.19607843137254902,0.17535014005602242,-0.01451458949511461,0.36156192102517537,0.08616773937090463,0.39327702866405634,0.7427527351402242,1.3404447340032621
Dukascopy_1m,US_INDEX,RTH,2018,Fri->Mon,99,45,25,0.5555555555555556,0.4117613449352105,0.6906106996500243,0.42424242424242425,0.3148148148148148,0.24074074074074076,0.04512698309607102,0.4136819047388615,0.02425035106918348,0.49074872946868897,0.6372022934737072,1.2837440983430044
Dukascopy_1m,US_INDEX,RTH,2019,Fri->Mon,99,37,21,0.5675675675675675,0.4091418109016808,0.7132828072284269,0.4444444444444444,0.3709677419354839,0.19659982563208367,-0.004862761988971592,0.37880968773332885,0.0637100222703454,0.3965681709586928,0.7223004042308373,1.5767842453870362
Dukascopy_1m,US_INDEX,RTH,2020,Fri->Mon,97,51,22,0.43137254901960786,0.3050123610790954,0.5673469789069776,0.4020618556701031,0.3695652173913043,0.06180733162830354,-0.13009896057360928,0.24605286204778795,0.6786307197769232,0.12623329582555876,0.01698948071927457,0.037397743734806296
Dukascopy_1m,US_INDEX,RTH,2021,Fri->Mon,95,41,20,0.4878048780487805,0.34254429554432664,0.6351549134845619,0.3894736842105263,0.3148148148148148,0.17299006323396565,-0.023704125804431347,0.3556941606198022,0.09496319554310886,0.3550150523500699,0.10283101375240619,0.2025639704635445
Dukascopy_1m,US_INDEX,RTH,2022,Fri->Mon,98,49,31,0.6326530612244898,0.49267067560792427,0.7533482703131686,0.41836734693877553,0.20408163265306123,0.4285714285714286,0.23597007122667923,0.5786888527825452,3.162736528249639e-05,0.9018570120858309,1.5515142512821625,2.7185861387690244
Dukascopy_1m,US_INDEX,RTH,2023,Fri->Mon,94,37,14,0.3783783783783784,0.24063999175798265,0.5389956956078235,0.2765957446808511,0.21052631578947367,0.16785206258890473,-0.016369786532833053,0.34994070546053924,0.09934997769581196,0.37172897775689195,0.4619358461145178,0.7959785767312723
Dukascopy_1m,US_INDEX,RTH,2024,Fri->Mon,101,48,16,0.3333333333333333,0.21676780694818568,0.4745989029405201,0.297029702970297,0.2641509433962264,0.0691823899371069,-0.1066605669047204,0.24213178007088543,0.515920664709707,0.15137870097455708,0.06351457263637392,0.13724782141436737
Dukascopy_1m,US_INDEX,RTH,2025,Fri->Mon,102,45,20,0.4444444444444444,0.30938930034997586,0.5882386550647896,0.35294117647058826,0.2807017543859649,0.16374269005847952,-0.02205750167553766,0.33883790902666505,0.09860427565040769,0.3426953251715603,0.887297255774723,1.9219417489701505
Dukascopy_1m,US_INDEX,RTH,2026,Fri->Mon,72,32,17,0.53125,0.3644951711897464,0.6913061289193116,0.4583333333333333,0.4,0.13124999999999998,-0.09576502625128863,0.34161821425027994,0.342669766641176,0.26389868258682214,,
Dukascopy_1m,COMMOD,BROKER,2016,Fri->Mon,147,85,46,0.5411764705882353,0.4357633606996252,0.6430286818098059,0.47619047619047616,0.3870967741935484,0.15407969639468688,-0.008995293124001796,0.30491240900061867,0.0689187633056347,0.31021710237540967,-0.3143786187390019,-0.696765909356065
Dukascopy_1m,COMMOD,BROKER,2017,Fri->Mon,147,77,33,0.42857142857142855,0.32403652422604634,0.5398946793857298,0.4217687074829932,0.4142857142857143,0.014285714285714235,-0.1425379544600957,0.16937728403532148,0.8689679819640765,0.02893195482265587,-0.9172403835296722,-2.0079285576446937
Dukascopy_1m,COMMOD,BROKER,2018,Fri->Mon,153,90,41,0.45555555555555555,0.3565961690755778,0.5581536643079179,0.4117647058823529,0.3492063492063492,0.10634920634920636,-0.05173520980099927,0.25383149038919606,0.24273244319374412,0.21735067217637205,-0.3152729588233978,-0.7495148975506978
Dukascopy_1m,COMMOD,BROKER,2019,Fri->Mon,153,79,37,0.46835443037974683,0.36235784156577755,0.5772859060072555,0.40522875816993464,0.33783783783783783,0.130516592541909,-0.024691748849472367,0.2766237958230674,0.13782553809565676,0.26696388429812057,-0.29384707159703105,-0.7420430578976447
Dukascopy_1m,COMMOD,BROKER,2020,Fri->Mon,150,74,39,0.527027027027027,0.4147735676194863,0.6366129307915197,0.43333333333333335,0.34210526315789475,0.18492176386913223,0.026395888309469512,0.33110002455505416,0.031852375502383,0.3753690008789863,0.4313331419938027,1.1921961833470653
Dukascopy_1m,COMMOD,BROKER,2021,Fri->Mon,150,68,35,0.5147058823529411,0.39834753306325144,0.6294915452743935,0.42,0.34146341463414637,0.17324246771879476,0.014718759447101937,0.3212707853465747,0.045804709530682955,0.3520578285300151,0.09863089536582698,0.22847062870680257
Dukascopy_1m,COMMOD,BROKER,2022,Fri->Mon,147,78,40,0.5128205128205128,0.4039270123076001,0.6205104797510615,0.4421768707482993,0.36231884057971014,0.15050167224080263,-0.009979798336679058,0.2997690454586288,0.07047829327247479,0.30461040738015677,0.31944790210048185,0.8781697584175087
Dukascopy_1m,COMMOD,BROKER,2023,Fri->Mon,147,59,29,0.4915254237288136,0.3684383690774015,0.6156485694061034,0.4217687074829932,0.375,0.11652542372881358,-0.04485949912826906,0.2721778135539587,0.1762277223995114,0.23573029098695186,-0.4021861439523056,-0.8566989705510147
Dukascopy_1m,COMMOD,BROKER,2024,Fri->Mon,153,57,32,0.5614035087719298,0.43278009454231503,0.6822730310020559,0.477124183006536,0.4270833333333333,0.13432017543859648,-0.02852546855718649,0.2876005092191306,0.13242594149354767,0.26947307743103455,-0.01092095111135895,-0.028335604046177968
Dukascopy_1m,COMMOD,BROKER,2025,Fri->Mon,153,68,36,0.5294117647058824,0.4124092208872794,0.6432689357880106,0.43137254901960786,0.35294117647058826,0.1764705882352941,0.018636596021663066,0.32361928266645834,0.033434183912307056,0.3573897071319574,0.4065264291630545,1.1381875221565372
Dukascopy_1m,COMMOD,BROKER,2026,Fri->Mon,108,65,28,0.4307692307692308,0.3175945741563928,0.5516702532575414,0.37962962962962965,0.3023255813953488,0.12844364937388197,-0.058448134405956614,0.29620551985234045,0.2254290745743519,0.2675397763491414,-0.09323483131267746,-0.1929299395301843
Dukascopy_1m,FX,BROKER,2016,Fri->Mon,312,152,81,0.5328947368421053,0.45374850912928033,0.6104192680185561,0.44551282051282054,0.3625,0.17039473684210532,0.0600396541613865,0.2751518140985114,0.003024200843254966,0.3444267276859099,-0.057817388460963876,-0.20800684453281046
Dukascopy_1m,FX,BROKER,2017,Fri->Mon,306,164,62,0.3780487804878049,0.3074283318913452,0.4542515278938809,0.38235294117647056,0.3873239436619718,-0.009275163174166934,-0.117557488819963,0.09845338983830278,0.9063584298409525,-0.019083361265809673,-0.4116381181551061,-1.468030897921949
Dukascopy_1m,FX,BROKER,2018,Fri->Mon,312,172,81,0.47093023255813954,0.3977853547303402,0.5453452353644737,0.4326923076923077,0.38571428571428573,0.08521594684385381,-0.02515829386432951,0.1919774744505074,0.13706500298443436,0.1724376725507395,-0.14218960153181542,-0.5242883592588187
Dukascopy_1m,FX,BROKER,2019,Fri->Mon,312,161,86,0.5341614906832298,0.45721141728799536,0.609519368029582,0.4423076923076923,0.3443708609271523,0.18979062975607752,0.0796489486055106,0.29338254571276984,0.0009228024493889405,0.38489304466049723,-0.15250603587466274,-0.52624869500021
Dukascopy_1m,FX,BROKER,2020,Fri->Mon,312,172,88,0.5116279069767442,0.43749121718490735,0.5852565467771672,0.44551282051282054,0.36428571428571427,0.14734219269102994,0.036536692285338276,0.25251558711520167,0.011663247607010303,0.2981349261191786,0.22916247719310626,0.8962759486384225
Dukascopy_1m,FX,BROKER,2021,Fri->Mon,312,164,82,0.5,0.424357047388029,0.5756429526119711,0.42948717948717946,0.35135135135135137,0.14864864864864863,0.03870446146136318,0.2532626526317221,0.008645410756879126,0.3018607090406955,-0.17503274887298412,-0.5990078304750175
Dukascopy_1m,FX,BROKER,2022,Fri->Mon,312,174,89,0.5114942528735632,0.43777948301403447,0.5847124602399452,0.41346153846153844,0.2898550724637681,0.22163918040979508,0.11243443474718122,0.32237668476557413,8.269276755370354e-05,0.4567552657528202,0.25389016721616287,0.9071440894887867
Dukascopy_1m,FX,BROKER,2023,Fri->Mon,303,149,73,0.4899328859060403,0.4109336453613852,0.569438172448078,0.4158415841584158,0.34415584415584416,0.14577704175019612,0.03475504985144241,0.2519851842204304,0.010641070764552386,0.2968337523731317,-0.3302957400426455,-1.0504376041754706
Dukascopy_1m,FX,BROKER,2024,Fri->Mon,312,152,75,0.4934210526315789,0.4150885967902005,0.5720778477802321,0.4326923076923077,0.375,0.11842105263157893,0.008497404549927201,0.22455501700921918,0.039832630601365215,0.23952198070417619,0.11950249494609584,0.46513235870490804
Dukascopy_1m,FX,BROKER,2025,Fri->Mon,312,178,92,0.5168539325842697,0.44386555514767745,0.5891302206171681,0.44871794871794873,0.3582089552238806,0.15864497736038913,0.04729523844982923,0.2636621845123349,0.005860881180284974,0.32124174550462326,0.3028850915033104,1.1499282420825654
Dukascopy_1m,FX,BROKER,2026,Fri->Mon,222,123,66,0.5365853658536586,0.4486898633729702,0.6222648550895681,0.45495495495495497,0.35353535353535354,0.18305001231830503,0.051386652470640726,0.305218297192662,0.006970931556397655,0.3705252719049903,0.01246794036882483,0.03802641810972159
Dukascopy_1m,US_INDEX,BROKER,2016,Fri->Mon,98,48,21,0.4375,0.30701269040654244,0.5772498258017222,0.30612244897959184,0.18,0.2575,0.07474104145487834,0.41968195547013987,0.008197061218845461,0.5691704344584907,0.560895487159017,1.0636471084214478
Dukascopy_1m,US_INDEX,BROKER,2017,Fri->Mon,98,39,16,0.41025641025641024,0.27079310000725176,0.5658137711710304,0.2755102040816326,0.1864406779661017,0.22381573229030854,0.041550096507235984,0.398289854056631,0.020916817672967596,0.4973833875771142,1.0895014620467407,1.9239085372975422
Dukascopy_1m,US_INDEX,BROKER,2018,Fri->Mon,102,47,27,0.574468085106383,0.4328191934549279,0.7048637165632003,0.43137254901960786,0.3090909090909091,0.26537717601547395,0.07230585613838655,0.4335910724511055,0.009215493731200737,0.5412550793888711,0.7138313712646903,1.4516519005312791
Dukascopy_1m,US_INDEX,BROKER,2019,Fri->Mon,102,37,20,0.5405405405405406,0.3838404689217949,0.6896143019562697,0.4019607843137255,0.3230769230769231,0.21746361746361748,0.019616476058621934,0.39755156916728907,0.03737505515704643,0.44285030419520477,-0.008262431157080726,-0.015283088654190735
Dukascopy_1m,US_INDEX,BROKER,2020,Fri->Mon,100,45,18,0.4,0.27024886565009165,0.5454814540964862,0.41,0.41818181818181815,-0.018181818181818132,-0.20290925530169387,0.17091735874813377,1.0,-0.03698233675967977,0.07629646341289836,0.17529453723328195
Dukascopy_1m,US_INDEX,BROKER,2021,Fri->Mon,102,43,24,0.5581395348837209,0.41107614452824104,0.6956669016082949,0.4215686274509804,0.3220338983050847,0.2361056365786362,0.041849809339561034,0.40922990479203475,0.025178208526193693,0.48045411630352786,0.019438745893115044,0.03640072351300945
Dukascopy_1m,US_INDEX,BROKER,2022,Fri->Mon,98,45,31,0.6888888888888889,0.5433519442263318,0.804713007363466,0.4489795918367347,0.24528301886792453,0.44360587002096435,0.24820726794358394,0.5940133037195314,1.4792222039968738e-05,0.9219219096400053,1.5197530909778822,2.655411501709027
Dukascopy_1m,US_INDEX,BROKER,2023,Fri->Mon,100,38,17,0.4473684210526316,0.3014640099805125,0.6029370287800753,0.37,0.3225806451612903,0.12478777589134127,-0.06652167786339158,0.3113834755981867,0.2860619695390798,0.25728301983265145,-0.18516054199072188,-0.3540117719903904
Dukascopy_1m,US_INDEX,BROKER,2024,Fri->Mon,102,50,18,0.36,0.24138749651846741,0.49858983123887307,0.27450980392156865,0.19230769230769232,0.16769230769230767,-0.005850137886295237,0.3299316274611697,0.07629861090646425,0.3790797144418079,0.5415000555316366,1.0596680487614085
Dukascopy_1m,US_INDEX,BROKER,2025,Fri->Mon,102,47,18,0.3829787234042553,0.25790681096421997,0.5257343304358642,0.37254901960784315,0.36363636363636365,0.01934235976789167,-0.16259969535856536,0.2022378270489385,1.0,0.03999297783510247,0.43941343009876854,0.8837652089858479
Dukascopy_1m,US_INDEX,BROKER,2026,Fri->Mon,72,36,26,0.7222222222222222,0.5600751000260289,0.841516620598654,0.5277777777777778,0.3333333333333333,0.3888888888888889,0.1587426392238328,0.5662056126374768,0.0019329230721519346,0.8003909011354444,,
Dukascopy_1m,COMMOD,UTC,2016,Fri->Mon,147,86,47,0.5465116279069767,0.4415616959142949,0.6474840531754034,0.47619047619047616,0.3770491803278688,0.1694624475791079,0.0058844186432042145,0.31944626325104575,0.04635431322030992,0.3416077253479377,-0.19238785498470015,-0.4306443817472018
Dukascopy_1m,COMMOD,UTC,2017,Fri->Mon,147,80,36,0.45,0.34577689184711224,0.5588049211064404,0.43537414965986393,0.417910447761194,0.032089552238805996,-0.1263922606416408,0.18715723055368091,0.7400854840082801,0.0647583445544122,-0.9281093240744515,-2.018320468382982
Dukascopy_1m,COMMOD,UTC,2018,Fri->Mon,153,92,40,0.43478260869565216,0.33811568850921186,0.536677536180217,0.40522875816993464,0.36065573770491804,0.07412687099073412,-0.08422708829399222,0.22327435250734196,0.40288066526195837,0.15162076454558493,-0.5028110866736248,-1.1849372638066265
Dukascopy_1m,COMMOD,UTC,2019,Fri->Mon,153,83,37,0.4457831325301205,0.343613029268308,0.552749835632629,0.40522875816993464,0.35714285714285715,0.08864027538726332,-0.06667057004919363,0.23651934185067008,0.32190566684760424,0.18110434254655727,-0.5403474317395908,-1.3347813121614613
Dukascopy_1m,COMMOD,UTC,2020,Fri->Mon,150,77,37,0.4805194805194805,0.3725303790298501,0.590359949227907,0.42,0.3561643835616438,0.1243550969578367,-0.03303627172210344,0.27297817254364665,0.13859088871957276,0.25282349348348165,0.14387386145484857,0.3966776256917339
Dukascopy_1m,COMMOD,UTC,2021,Fri->Mon,150,68,34,0.5,0.38438064984606757,0.6156193501539324,0.4,0.3170731707317073,0.18292682926829268,0.02541721124500443,0.3298105851021936,0.029523728651474006,0.37454988712607773,0.2621013341411221,0.6182421196890914
Dukascopy_1m,COMMOD,UTC,2022,Fri->Mon,147,79,41,0.5189873417721519,0.4105110559940594,0.6257026954621209,0.4421768707482993,0.35294117647058826,0.16604616530156363,0.005283866052916558,0.31430601441809264,0.0475139548149696,0.3365160177241644,0.43733203072870064,1.2033679727741011
Dukascopy_1m,COMMOD,UTC,2023,Fri->Mon,147,58,28,0.4827586206896552,0.3592818542405501,0.6083773821659054,0.40816326530612246,0.3595505617977528,0.1232080588919024,-0.037970420261597776,0.2788970110236194,0.170049151111189,0.25024097086048536,-0.21010410988583672,-0.4725396281813112
Dukascopy_1m,COMMOD,UTC,2024,Fri->Mon,153,57,33,0.5789473684210527,0.44980141395599427,0.6981240331724827,0.477124183006536,0.4166666666666667,0.16228070175438597,-0.001033136182439165,0.3137893730945551,0.06572060580473742,0.32600635985738924,0.15122111155422066,0.3984494454716104
Dukascopy_1m,COMMOD,UTC,2025,Fri->Mon,153,75,37,0.49333333333333335,0.38330010247790747,0.6040162154218635,0.43137254901960786,0.3717948717948718,0.12153846153846154,-0.034682286349902336,0.269942816600335,0.1441049877541683,0.24597272784610702,0.18704730314381735,0.5295350488631715
Dukascopy_1m,COMMOD,UTC,2026,Fri->Mon,108,68,28,0.4117647058823529,0.302580197505184,0.5303853324689461,0.37962962962962965,0.325,0.08676470588235291,-0.1026852219974666,0.25847758115691366,0.41622296861703445,0.18017149920513953,-0.49024273066479096,-0.9592713079678314
Dukascopy_1m,FX,UTC,2016,Fri->Mon,312,157,80,0.5095541401273885,0.4320682692895529,0.5865836381352884,0.4198717948717949,0.32903225806451614,0.1805218820628724,0.07105674144897206,0.28397079776279777,0.0013455732385895662,0.36808520243461706,0.1449336104637684,0.5438236257517431
Dukascopy_1m,FX,UTC,2017,Fri->Mon,306,163,58,0.3558282208588957,0.2864250093616944,0.4318704291209475,0.3660130718954248,0.3776223776223776,-0.021794156763481898,-0.12897692315549938,0.08520487343446977,0.7221685682251855,-0.045229218171042085,-0.40879574634141674,-1.4877097674494901
Dukascopy_1m,FX,UTC,2018,Fri->Mon,312,171,79,0.4619883040935672,0.38891997042277004,0.5367269551537779,0.4326923076923077,0.3971631205673759,0.06482518352619132,-0.045350889870945627,0.17213681200703124,0.2539710770973254,0.13105532244668994,-0.21638502831904433,-0.8129029610716394
Dukascopy_1m,FX,UTC,2019,Fri->Mon,312,164,87,0.5304878048780488,0.4542845926725055,0.605295442381188,0.4391025641025641,0.33783783783783783,0.19264996704021098,0.08256689323588529,0.2959512911810623,0.0008932343492611607,0.39131081275055957,-0.09654371564451808,-0.33655555357116695
Dukascopy_1m,FX,UTC,2020,Fri->Mon,311,176,86,0.48863636363636365,0.41582183172144493,0.5619363558164572,0.4437299035369775,0.3851851851851852,0.10345117845117846,-0.007855031644485769,0.2103654040856125,0.08404367242434449,0.20896789693455586,0.038540200568402384,0.15038264932520662
Dukascopy_1m,FX,UTC,2021,Fri->Mon,312,163,80,0.49079754601226994,0.4151526790080117,0.5668661787674761,0.4230769230769231,0.348993288590604,0.1418042574216659,0.03209755167828282,0.24645225735027482,0.011946256955797218,0.2883980499309158,-0.1911469933589868,-0.6548686718840508
Dukascopy_1m,FX,UTC,2022,Fri->Mon,312,173,89,0.5144508670520231,0.4404741037896836,0.5877998090887986,0.40064102564102566,0.2589928057553957,0.25545806129662746,0.14750968007719711,0.353897099537865,5.240243211066596e-06,0.5318581231895501,0.5888068617314521,2.1616608338984378
Dukascopy_1m,FX,UTC,2023,Fri->Mon,305,149,70,0.4697986577181208,0.3914308933978212,0.5496845600305686,0.4098360655737705,0.3525641025641026,0.1172345551540182,0.006880947829721318,0.22385166039216214,0.047551131429268784,0.23888187039833708,-0.2818937567846727,-0.9485995365558937
Dukascopy_1m,FX,UTC,2024,Fri->Mon,312,155,72,0.4645161290322581,0.3878091831192134,0.5429393753385808,0.4230769230769231,0.3821656050955414,0.08235052393671666,-0.027020536906736156,0.18903851074862216,0.16904797070965744,0.16687923610905564,-0.0022408062331415158,-0.008864653469244126
Dukascopy_1m,FX,UTC,2025,Fri->Mon,312,179,92,0.5139664804469274,0.44122697902861924,0.5861191165027193,0.42628205128205127,0.3082706766917293,0.20569580375519808,0.09537815664004339,0.30775074663113094,0.0003247188824974737,0.42147490814399724,0.5731274831011335,2.2230238956929114
Dukascopy_1m,FX,UTC,2026,Fri->Mon,222,123,58,0.4715447154471545,0.3855295798202351,0.559283416931124,0.42792792792792794,0.37373737373737376,0.09780734170978073,-0.032841040723771,0.22271641040726098,0.17257071191022189,0.19834787201288595,-0.26609733560728677,-0.8314101593524353
Dukascopy_1m,US_INDEX,UTC,2016,Fri->Mon,98,48,21,0.4375,0.30701269040654244,0.5772498258017222,0.30612244897959184,0.18,0.2575,0.07474104145487834,0.41968195547013987,0.008197061218845461,0.5691704344584907,0.560895487159017,1.0636471084214478
Dukascopy_1m,US_INDEX,UTC,2017,Fri->Mon,98,39,16,0.41025641025641024,0.27079310000725176,0.5658137711710304,0.2857142857142857,0.2033898305084746,0.20686657974793565,0.023344949628531952,0.38319466292336024,0.03916574790824996,0.4545880542035371,0.9316963452893587,1.7333862732965901
Dukascopy_1m,US_INDEX,UTC,2018,Fri->Mon,102,46,26,0.5652173913043478,0.4224743369429499,0.6979073722198005,0.43137254901960786,0.32142857142857145,0.24378881987577633,0.050487484450978476,0.414509034585794,0.016507800181785232,0.4960147173680738,0.6648538789151048,1.3650168729329861
Dukascopy_1m,US_INDEX,UTC,2019,Fri->Mon,102,37,19,0.5135135135135135,0.358948966656188,0.6655359569698336,0.39215686274509803,0.3230769230769231,0.1904365904365904,-0.005723492307118355,0.3729729082492938,0.0908059630501608,0.38871043797818117,-0.10568227622937422,-0.1958980151170458
Dukascopy_1m,US_INDEX,UTC,2020,Fri->Mon,100,52,23,0.4423076923076923,0.3159505681940129,0.5766023821279712,0.43,0.4166666666666667,0.025641025641025605,-0.16333515318422467,0.21128210343384107,0.8416236170036357,0.051805886703395476,0.16699309023300662,0.3851000451593664
Dukascopy_1m,US_INDEX,UTC,2021,Fri->Mon,102,43,24,0.5581395348837209,0.41107614452824104,0.6956669016082949,0.4117647058823529,0.3050847457627119,0.25305478912100904,0.05914973248709457,0.4246064031192085,0.014407230487738528,0.516990241435586,0.15235689402274327,0.2908945283917231
Dukascopy_1m,US_INDEX,UTC,2022,Fri->Mon,98,47,31,0.6595744680851063,0.5167092456194193,0.7783255615622839,0.4489795918367347,0.2549019607843137,0.4046725073007926,0.20894874877772818,0.5595627486696746,9.287755528210369e-05,0.8371460241746997,1.089443305770896,1.9439408098109343
Dukascopy_1m,US_INDEX,UTC,2023,Fri->Mon,100,41,19,0.4634146341463415,0.32056233976336046,0.6125352873233052,0.36,0.288135593220339,0.1752790409260025,-0.014985114645036102,0.35469793960210955,0.0914006463217466,0.3643218402779056,0.002105818304504272,0.004066419834711333
Dukascopy_1m,US_INDEX,UTC,2024,Fri->Mon,102,50,15,0.3,0.19103553500880954,0.437503504644534,0.2549019607843137,0.21153846153846154,0.08846153846153845,-0.08023407133559732,0.25230624961904835,0.3664598113871194,0.203439757787358,0.17649876120375638,0.36132003298892124
Dukascopy_1m,US_INDEX,UTC,2025,Fri->Mon,102,48,19,0.3958333333333333,0.2702082786059137,0.5368959150745274,0.3627450980392157,0.3333333333333333,0.0625,-0.12049133253269692,0.24194835966950629,0.5419041128020479,0.1299663171913843,0.68738640019689,1.3727281926768258
Dukascopy_1m,US_INDEX,UTC,2026,Fri->Mon,72,36,23,0.6388888888888888,0.4757507548555804,0.7752440705348462,0.4722222222222222,0.3055555555555556,0.33333333333333326,0.10271375652149037,0.5186594152133437,0.00893478181824646,0.6809053131114393,,
Yahoo_daily_futures,COMMOD,YF_DAILY,2001,Fri->Mon,132,55,33,0.6,0.46812799210121386,0.7188150276753689,0.5606060606060606,0.5324675324675324,0.06753246753246755,-0.1024347829220569,0.22966489018660766,0.48022815949452435,0.13637713525432527,0.22370994367767397,0.43733680674606606
Yahoo_daily_futures,COMMOD,YF_DAILY,2002,Fri->Mon,134,51,19,0.37254901960784315,0.25320519466264424,0.5097478653114912,0.43283582089552236,0.46987951807228917,-0.09733049846444602,-0.2571583385407225,0.07461724017844765,0.2871546102268676,-0.19746885449978513,-0.2133004469325713,-0.45754854932279115
Yahoo_daily_futures,COMMOD,YF_DAILY,2003,Fri->Mon,117,55,31,0.5636363636363636,0.43269816346414447,0.6862655763936809,0.4700854700854701,0.3870967741935484,0.17653958944281523,-0.004088040598860199,0.34211301147310236,0.06534752281511663,0.3553896471780704,0.48188078051848715,0.9722054480151996
Yahoo_daily_futures,COMMOD,YF_DAILY,2004,Fri->Mon,106,36,16,0.4444444444444444,0.2954126874008022,0.6041893824430271,0.46226415094339623,0.4714285714285714,-0.026984126984127,-0.2154428128970849,0.1683301488432699,0.8390680161844679,-0.05416701326030071,,
Yahoo_daily_futures,COMMOD,YF_DAILY,2005,Fri->Mon,111,57,30,0.5263157894736842,0.3991801621874118,0.6501283201887471,0.4144144144144144,0.2962962962962963,0.2300194931773879,0.04676546624944028,0.39230990658403087,0.020396108406286986,0.47226929183141353,0.5528554266834459,1.0545413466921076
Yahoo_daily_futures,COMMOD,YF_DAILY,2006,Fri->Mon,108,52,29,0.5576923076923077,0.42339761787202884,0.6840494318059871,0.49074074074074076,0.42857142857142855,0.12912087912087916,-0.05782478444808595,0.3039880653058964,0.24772010767135771,0.25898976142165897,,
Yahoo_daily_futures,COMMOD,YF_DAILY,2007,Fri->Mon,94,37,22,0.5945945945945946,0.43485964730229365,0.7365348180798572,0.44680851063829785,0.3508771929824561,0.2437174016121385,0.037954569717946335,0.4238280430542882,0.03307476886111344,0.4931904462263863,,
Yahoo_daily_futures,COMMOD,YF_DAILY,2008,Fri->Mon,107,60,24,0.4,0.2856949053488255,0.5263394650795924,0.38317757009345793,0.3617021276595745,0.03829787234042553,-0.14472449185427394,0.213954983968755,0.841379371577167,0.0788919136462094,-0.5672912691355706,-1.189634602867796
Yahoo_daily_futures,COMMOD,YF_DAILY,2009,Fri->Mon,119,56,31,0.5535714285714286,0.4241321478993947,0.6761327874521665,0.5294117647058824,0.5079365079365079,0.045634920634920695,-0.1304610471184155,0.21737663420831158,0.71349971662473,0.0914752336119129,-0.36227389183886916,-0.7973553022601635
Yahoo_daily_futures,COMMOD,YF_DAILY,2010,Fri->Mon,124,55,22,0.4,0.2811849723246312,0.5318720078987862,0.33064516129032256,0.2753623188405797,0.12463768115942031,-0.04079349276280289,0.2850973742315596,0.17934013796488457,0.2645961455716235,-0.0994006326427215,-0.18526247551678332
Yahoo_daily_futures,COMMOD,YF_DAILY,2011,Fri->Mon,115,63,30,0.47619047619047616,0.3578212405382701,0.5972964356326276,0.43478260869565216,0.38461538461538464,0.09157509157509153,-0.08856119203986501,0.2620017344854909,0.35015270803472415,0.18523111563367922,0.06906395425449834,0.16053974959417053
Yahoo_daily_futures,COMMOD,YF_DAILY,2012,Fri->Mon,138,73,42,0.5753424657534246,0.4609938046379387,0.6821580845742112,0.47101449275362317,0.35384615384615387,0.22149631190727076,0.054720256191906125,0.37134228062741614,0.010788464765518634,0.4479001150150588,0.31621628951489683,0.7475086028848394
Yahoo_daily_futures,COMMOD,YF_DAILY,2013,Fri->Mon,141,81,36,0.4444444444444444,0.3411955250345785,0.5527242622356897,0.36879432624113473,0.26666666666666666,0.17777777777777776,0.016864912016911787,0.32204934594947615,0.03512438510789766,0.37417710795462744,0.5832084569681113,1.4330757693015117
Yahoo_daily_futures,COMMOD,YF_DAILY,2014,Fri->Mon,138,78,41,0.5256410256410257,0.41624765387740176,0.6326273302399217,0.4927536231884058,0.45,0.07564102564102565,-0.09052779386333595,0.23571031035956763,0.39587932792273106,0.1514719764257597,-0.5404672302480918,-1.2411034906688858
Yahoo_daily_futures,COMMOD,YF_DAILY,2015,Fri->Mon,135,81,46,0.5679012345679012,0.45937436474974946,0.6702792285865891,0.4962962962962963,0.3888888888888889,0.1790123456790123,0.0071757519109867385,0.33558912581616146,0.053416535557301234,0.3603164826756131,0.09081688781806417,0.19888698675002964
Yahoo_daily_futures,COMMOD,YF_DAILY,2016,Fri->Mon,126,70,37,0.5285714285714286,0.4132188746832562,0.6409512360361571,0.49206349206349204,0.44642857142857145,0.08214285714285713,-0.0912374735449614,0.24842727558458141,0.3761065470095205,0.16452291718253154,-0.16558293146782907,-0.38032252136369377
Yahoo_daily_futures,COMMOD,YF_DAILY,2017,Fri->Mon,135,69,34,0.4927536231884058,0.3783242300928733,0.6079473243736349,0.43703703703703706,0.3787878787878788,0.11396574440052704,-0.052302251567399455,0.27138704021374366,0.22495794101320796,0.23037059319170217,0.0505627688662597,0.1258433330003991
Yahoo_daily_futures,COMMOD,YF_DAILY,2018,Fri->Mon,139,76,33,0.4342105263157895,0.32860931819217054,0.5461424693164003,0.4676258992805755,0.5079365079365079,-0.07372598162071842,-0.23312133172622912,0.09059896887166294,0.3991092271675687,-0.147835290149831,-1.091050518151868,-2.3979008510854816
Yahoo_daily_futures,COMMOD,YF_DAILY,2019,Fri->Mon,141,70,31,0.44285714285714284,0.3324952890930533,0.55916448946812,0.4326241134751773,0.4225352112676056,0.020321931589537212,-0.1397587860613343,0.17904338087689536,0.8657235825330989,0.04102019646982402,-0.17620664089376972,-0.4641895665481106
Yahoo_daily_futures,COMMOD,YF_DAILY,2020,Fri->Mon,134,65,36,0.5538461538461539,0.43337818677803974,0.6683047252333449,0.47761194029850745,0.4057971014492754,0.1480490523968785,-0.020473184079432466,0.30535418350540844,0.11914220397196204,0.29744018359694735,0.08688435051004219,0.206431724835724
Yahoo_daily_futures,COMMOD,YF_DAILY,2021,Fri->Mon,135,66,35,0.5303030303030303,0.41157685726598636,0.6456957150362233,0.4222222222222222,0.3188405797101449,0.21146245059288538,0.044773930629804476,0.36278497464227477,0.015170208419769553,0.4313977998078782,0.8373645883690012,1.8911349850989114
Yahoo_daily_futures,COMMOD,YF_DAILY,2022,Fri->Mon,129,72,40,0.5555555555555556,0.440873908658052,0.6646092943867861,0.5116279069767442,0.45614035087719296,0.09941520467836262,-0.07240969582463194,0.26336024908271227,0.29070253900139725,0.19917319915926757,0.08163399314285665,0.2032185939750802
Yahoo_daily_futures,COMMOD,YF_DAILY,2023,Fri->Mon,132,56,34,0.6071428571428571,0.4763340280042271,0.7241958426988949,0.48484848484848486,0.39473684210526316,0.21240601503759393,0.039939343384738146,0.3678433402857255,0.02179777515448674,0.4280738091641849,0.3184479015902014,0.657981359686849
Yahoo_daily_futures,COMMOD,YF_DAILY,2024,Fri->Mon,141,56,32,0.5714285714285714,0.4413762073081303,0.6923103731606176,0.46099290780141844,0.38823529411764707,0.18319327731092433,0.01523295474471989,0.33794559005790403,0.039029199780107056,0.368781579180848,0.04803949185393092,0.11657006311632348
Yahoo_daily_futures,COMMOD,YF_DAILY,2025,Fri->Mon,141,59,27,0.4576271186440678,0.3370130585185591,0.5834216338989654,0.41134751773049644,0.3780487804878049,0.07957833815626292,-0.08244212852804558,0.23859013913975766,0.3877664670452444,0.16154026097841423,0.03689250735033102,0.09674099993767536
Yahoo_daily_futures,COMMOD,YF_DAILY,2026,Fri->Mon,90,47,26,0.5531914893617021,0.41245459838218734,0.6858903373450472,0.45555555555555555,0.3488372093023256,0.20435428005937656,-0.000927652342803259,0.38641727238206347,0.059704694349476346,0.4137161330099959,0.5468337121961048,1.1316464387672445
Yahoo_daily_futures,US_INDEX,YF_DAILY,2001,Fri->Mon,90,45,21,0.4666666666666667,0.32935132065011297,0.6092254525987463,0.43333333333333335,0.4,0.06666666666666665,-0.1333842212035797,0.25943171617387495,0.6707967534170193,0.13464177238010522,-0.2971230296041106,-0.5440586015671798
Yahoo_daily_futures,US_INDEX,YF_DAILY,2002,Fri->Mon,98,50,32,0.64,0.501410168761127,0.7586125034815325,0.5408163265306123,0.4375,0.2025,0.005682431845043329,0.3788401937934044,0.06752867857103992,0.40912194037639327,0.698856294788779,1.3433445812656013
Yahoo_daily_futures,US_INDEX,YF_DAILY,2003,Fri->Mon,96,42,22,0.5238095238095238,0.3772246413134498,0.6664039876929454,0.4479166666666667,0.3888888888888889,0.13492063492063494,-0.06316233068130475,0.32030729989151974,0.2180786101884738,0.271730154925774,0.20848450856798226,0.42733768626585683
Yahoo_daily_futures,US_INDEX,YF_DAILY,2004,Fri->Mon,100,42,22,0.5238095238095238,0.3772246413134498,0.6664039876929454,0.44,0.3793103448275862,0.14449917898193765,-0.05054166489294695,0.32685462453932135,0.16050543730714373,0.2914240010927387,-0.11076921675292499,-0.23361734979580082
Yahoo_daily_futures,US_INDEX,YF_DAILY,2005,Fri->Mon,86,33,17,0.5151515151515151,0.3521837544891414,0.674959578918663,0.45348837209302323,0.41509433962264153,0.10005717552887361,-0.11090291083208276,0.3014057641991606,0.38296887190625833,0.2009458760405043,-0.3855565287144003,-0.6587085615652465
Yahoo_daily_futures,US_INDEX,YF_DAILY,2006,Fri->Mon,97,46,21,0.45652173913043476,0.32154733782284584,0.5981981894019872,0.422680412371134,0.39215686274509803,0.06436487638533672,-0.12794937964268868,0.251254663851313,0.5437955359851144,0.13032810992028265,0.15087778741634325,0.2899489377297869
Yahoo_daily_futures,US_INDEX,YF_DAILY,2007,Fri->Mon,92,47,31,0.6595744680851063,0.5167092456194193,0.7783255615622839,0.43478260869565216,0.2,0.4595744680851063,0.2607833231395835,0.6092069275046259,9.328393070590023e-06,0.9683324336256159,2.3017956405253535,3.8122371109405804
Yahoo_daily_futures,US_INDEX,YF_DAILY,2008,Fri->Mon,91,47,31,0.6595744680851063,0.5167092456194193,0.7783255615622839,0.6153846153846154,0.5681818181818182,0.0913926499032881,-0.10516021260454922,0.27954260990341717,0.39637459455573154,0.18804149790808533,0.18683367169191364,0.35425769177284844
Yahoo_daily_futures,US_INDEX,YF_DAILY,2009,Fri->Mon,88,42,23,0.5476190476190477,0.3994911903473349,0.6877660676654553,0.5,0.45652173913043476,0.09109730848861292,-0.11387605236946688,0.2856719117548929,0.5222691099551108,0.18244914135560553,-0.16385307781926792,-0.3073779793885798
Yahoo_daily_futures,US_INDEX,YF_DAILY,2010,Fri->Mon,87,43,15,0.3488372093023256,0.22418589997352706,0.49828218007147956,0.3103448275862069,0.2727272727272727,0.07610993657505288,-0.11568253359301539,0.26123773624890434,0.4927386218856365,0.1647303738869179,0.3874756554131681,0.6423973849350006
Yahoo_daily_futures,US_INDEX,YF_DAILY,2011,Fri->Mon,86,38,29,0.7631578947368421,0.607931876367602,0.8700629298294591,0.5930232558139535,0.4583333333333333,0.30482456140350883,0.09662196187686942,0.47513716907505454,0.007561764716195718,0.6376919210629435,1.2891941959281097,2.4239948395639943
Yahoo_daily_futures,US_INDEX,YF_DAILY,2012,Fri->Mon,92,40,26,0.65,0.49505880837257693,0.7786547112682372,0.5217391304347826,0.4230769230769231,0.22692307692307695,0.021432625734408906,0.4058825684909888,0.036898364096116694,0.4591522524995817,0.4344504983187568,0.6748490290890162
Yahoo_daily_futures,US_INDEX,YF_DAILY,2013,Fri->Mon,94,37,19,0.5135135135135135,0.358948966656188,0.6655359569698336,0.3723404255319149,0.2807017543859649,0.2328117591275486,0.03238217436713886,0.4147248812821054,0.02951619382538024,0.4810666579828027,0.36545655153093953,0.6801078514639118
Yahoo_daily_futures,US_INDEX,YF_DAILY,2014,Fri->Mon,92,44,32,0.7272727272727273,0.5815112690754881,0.8365361837615662,0.5543478260869565,0.3958333333333333,0.331439393939394,0.12859695591599474,0.49793310943387015,0.0017154699228600144,0.6817324295423799,1.2632869155425421,2.4325131977657617
Yahoo_daily_futures,US_INDEX,YF_DAILY,2015,Fri->Mon,90,38,24,0.631578947368421,0.47283959557009003,0.7661578075284404,0.5333333333333333,0.46153846153846156,0.17004048582995945,-0.03732519574973084,0.3558622241980668,0.13642511120324397,0.34329315777500646,1.0331872644154363,1.5619148586792178
Yahoo_daily_futures,US_INDEX,YF_DAILY,2016,Fri->Mon,84,42,22,0.5238095238095238,0.3772246413134498,0.6664039876929454,0.40476190476190477,0.2857142857142857,0.23809523809523814,0.028394328114045686,0.420685555651069,0.04470669478134934,0.49054810669804194,0.1244434683254412,0.20880142188578765
Yahoo_daily_futures,US_INDEX,YF_DAILY,2017,Fri->Mon,90,43,19,0.4418604651162791,0.30433309839170514,0.5889238554717591,0.3111111111111111,0.19148936170212766,0.2503711034141514,0.058390473225641754,0.421409624649776,0.012816112939287192,0.5484091855513016,1.0443160256223198,1.8201827559028148
Yahoo_daily_futures,US_INDEX,YF_DAILY,2018,Fri->Mon,94,48,29,0.6041666666666666,0.4631040849254725,0.7297917213940862,0.44680851063829785,0.2826086956521739,0.32155797101449274,0.12077832742520639,0.48811944099838955,0.002028242007205158,0.6596674526870951,0.7857224493893934,1.5280023470777733
Yahoo_daily_futures,US_INDEX,YF_DAILY,2019,Fri->Mon,94,35,18,0.5142857142857142,0.35568804595868564,0.6700576399749026,0.3829787234042553,0.3050847457627119,0.20920096852300235,0.006408585519785265,0.39569781166011764,0.05109168473051595,0.42902285025553977,0.39865602127127464,0.8029662437383873
Yahoo_daily_futures,US_INDEX,YF_DAILY,2020,Fri->Mon,90,40,19,0.475,0.329354701126789,0.6250263789330753,0.45555555555555555,0.44,0.034999999999999976,-0.16491258074026183,0.23245588693405753,0.832222734615093,0.07026902558901793,0.17010445290692916,0.38575016531371337
Yahoo_daily_futures,US_INDEX,YF_DAILY,2021,Fri->Mon,90,38,24,0.631578947368421,0.47283959557009003,0.7661578075284404,0.43333333333333335,0.28846153846153844,0.3431174089068826,0.13520965922451428,0.51391115009995,0.001408161787830687,0.70313246665704,0.2964747703239904,0.5142538343395062
Yahoo_daily_futures,US_INDEX,YF_DAILY,2022,Fri->Mon,86,38,26,0.6842105263157895,0.5254424010939046,0.8091539632440382,0.5,0.3541666666666667,0.3300438596491228,0.1174094954071632,0.5031627360127442,0.0044627290082834906,0.6732788357186807,0.6983785984809712,1.1285605364921276
Yahoo_daily_futures,US_INDEX,YF_DAILY,2023,Fri->Mon,88,39,18,0.46153846153846156,0.31566885606727846,0.6143055172948425,0.36363636363636365,0.2857142857142857,0.17582417582417587,-0.025236655050150658,0.3624616479414299,0.11895529624130845,0.36591190341681523,-0.14909684769730996,-0.27186656129389614
Yahoo_daily_futures,US_INDEX,YF_DAILY,2024,Fri->Mon,94,48,15,0.3125,0.19945683446587817,0.4533307141589159,0.26595744680851063,0.21739130434782608,0.09510869565217392,-0.08354810896976278,0.2648642999028462,0.35430592879964784,0.2162999784402917,0.01668869507837249,0.03146806566956222
Yahoo_daily_futures,US_INDEX,YF_DAILY,2025,Fri->Mon,94,49,17,0.3469387755102041,0.22924392834538948,0.48688805713027256,0.3617021276595745,0.37777777777777777,-0.03083900226757369,-0.21831050197281934,0.1579410649140095,0.831205159400147,-0.06417054433762193,0.09683509507000196,0.19109550671757553
Yahoo_daily_futures,US_INDEX,YF_DAILY,DEV 2000-2015,Fri->Mon FROZEN,1405,648,374,0.5771604938271605,0.5387791261734913,0.6146324107068402,0.47758007117437723,0.39233817701453105,0.18482231681262945,0.13271511003155628,0.23552468002645147,4.483507503944822e-12,0.371963409304749,0.4075001565936646,3.153756210883439
Yahoo_daily_futures,US_INDEX,YF_DAILY,VAL 2016-2026,Fri->Mon FROZEN,964,448,229,0.5111607142857143,0.46497465567424484,0.5571570009163213,0.4024896265560166,0.3081395348837209,0.20302117940199338,0.14117303487055638,0.26287483872066586,1.5153871060044849e-10,0.4161456054165482,0.3433988610132316,2.240881558308813
Yahoo_daily_futures,COMMOD,YF_DAILY,DEV 2000-2015,Fri->Mon FROZEN,1862,918,468,0.5098039215686274,0.4774924832060966,0.5420336509547895,0.453813104189044,0.399364406779661,0.11043951478896641,0.06525140948363617,0.1550020457510149,2.005258446922405e-06,0.22226459200811055,0.12061854611778515,1.0462400683456157
Yahoo_daily_futures,COMMOD,YF_DAILY,VAL 2016-2026,Fri->Mon FROZEN,1443,706,365,0.5169971671388102,0.4801441516885264,0.5536662149810575,0.4587664587664588,0.40298507462686567,0.1140120925119445,0.06261459398748555,0.16457985934162392,1.4650274492082074e-05,0.22926929483447056,0.029719527197410844,0.24408582079499597
