sessdef,scope,measure,n_trig,n_opp,trig,opp,diff,ci_lo,ci_hi,p
RTH,ALL Mondays,touch_Blow,467,569,0.46466809421841543,0.29349736379613356,0.17117073042228187,0.09591893807409442,0.2441986682683612,0.0
RTH,ALL Mondays,seq_low_first,467,569,0.41113490364025695,0.2671353251318102,0.14399957850844675,0.071115108523742,0.21836930051790363,0.0
RTH,ALL Mondays,Blow_by30,467,569,0.3233404710920771,0.18804920913884007,0.135291261953237,0.06642347554443359,0.20192322394693987,0.0
RTH,ALL Mondays,Blow_by60,467,569,0.3533190578158458,0.22144112478031636,0.13187793303552947,0.06003870159440909,0.20224816003203253,0.0
RTH,ALL Mondays,net30_atr,467,569,-0.030990255051047477,-0.03746185012751253,0.006471595076465057,-0.036343475073290894,0.04883056642065829,0.7426666666666667
RTH,ALL Mondays,net60_atr,467,569,-0.04132181201161051,-0.03872759389010793,-0.002594218121502581,-0.06484901111766976,0.05580833608061178,0.908
RTH,ALL Mondays,ret_close_atr,467,569,0.05036497297819714,0.10735244332330242,-0.056987470345105276,-0.15198480024628808,0.039213403764764954,0.21466666666666667
RTH,ALL Mondays,mfe_down_atr,467,569,0.4696889288446414,0.3238699398928647,0.1458189889517767,0.08184780269347779,0.21658012162195242,0.0
RTH,ALL Mondays,mfe_up_atr,467,569,0.46933828818943407,0.3956185236777297,0.07371976451170437,0.01801181680493798,0.13574845082683246,0.014666666666666666
RTH,ALL Mondays,first_move_dn,467,569,0.4411134903640257,0.36731107205623903,0.07380241830778667,0.002738718911565705,0.14671650997833918,0.04533333333333334
RTH,ALL Mondays,or15_dn,467,569,0.43897216274089934,0.4270650263620387,0.01190713637886065,-0.06792348216898363,0.083692566487747,0.756
RTH,ALL Mondays,or30_dn,467,569,0.4004282655246253,0.4182776801405975,-0.017849414615972226,-0.09073497223113695,0.054338584174774704,0.636
RTH,ALL Mondays,dir60_up,467,569,0.5910064239828694,0.5869947275922671,0.004011696390602282,-0.06675176301303933,0.07603856761868151,0.9026666666666666
RTH,ALL Mondays,pen_after_Blow_atr,217,167,0.7454830495769903,0.5184223752910055,0.22706067428598475,0.07409966995946465,0.39395959762866134,0.0
RTH,ALL Mondays,bounce_after_Blow_atr,217,167,0.24779920728407556,0.25920116093921186,-0.011401953655136299,-0.13255821087144679,0.10762719531592997,0.876
RTH,ALL Mondays,mae_before_Blow_atr,217,167,0.10313877699062496,0.11411477121257523,-0.010975994221950267,-0.04248025056440672,0.019487322243637153,0.512
RTH,opens AT/ABOVE Fri low (tradeable),touch_Blow,358,512,0.3016759776536313,0.21484375,0.0868322276536313,0.013649235169577872,0.161345137824335,0.017333333333333333
RTH,opens AT/ABOVE Fri low (tradeable),seq_low_first,358,512,0.23184357541899442,0.185546875,0.04629670041899442,-0.01661197427747145,0.117290517241292,0.16666666666666666
RTH,opens AT/ABOVE Fri low (tradeable),Blow_by30,358,512,0.11731843575418995,0.09765625,0.019662185754189945,-0.025696973846334115,0.06867491632381345,0.412
RTH,opens AT/ABOVE Fri low (tradeable),Blow_by60,358,512,0.1564245810055866,0.134765625,0.021658956005586594,-0.03331824201956118,0.07693898142176757,0.44266666666666665
RTH,opens AT/ABOVE Fri low (tradeable),net30_atr,358,512,-0.026141201630369995,-0.029531521125947723,0.0033903194955777274,-0.03837080639488449,0.0493158099691857,0.8973333333333333
RTH,opens AT/ABOVE Fri low (tradeable),net60_atr,358,512,-0.020543607077341947,-0.03010224092093692,0.009558633843594972,-0.050858849621163486,0.07018250754472619,0.7346666666666667
RTH,opens AT/ABOVE Fri low (tradeable),ret_close_atr,358,512,0.02967375990391908,0.08948830366463584,-0.05981454376071676,-0.14900771478572553,0.03800354872585521,0.21066666666666667
RTH,opens AT/ABOVE Fri low (tradeable),mfe_down_atr,358,512,0.43694811014232243,0.3203773380502123,0.11657077209211014,0.04891144100610771,0.18965380972110077,0.0
RTH,opens AT/ABOVE Fri low (tradeable),mfe_up_atr,358,512,0.4133751614044432,0.3719477014493898,0.04142745995505337,-0.009974687700070787,0.09422464206279191,0.14133333333333334
RTH,opens AT/ABOVE Fri low (tradeable),first_move_dn,358,512,0.41620111731843573,0.375,0.04120111731843573,-0.0359335788776023,0.12085116082645998,0.29333333333333333
RTH,opens AT/ABOVE Fri low (tradeable),or15_dn,358,512,0.441340782122905,0.43359375,0.0077470321229050065,-0.06522007956064504,0.09203883934213851,0.7933333333333333
RTH,opens AT/ABOVE Fri low (tradeable),or30_dn,358,512,0.40782122905027934,0.423828125,-0.016006895949720656,-0.096566438967116,0.061749332435042416,0.7266666666666667
RTH,opens AT/ABOVE Fri low (tradeable),dir60_up,358,512,0.611731843575419,0.580078125,0.03165371857541899,-0.05420949459521004,0.11264953136767564,0.4533333333333333
RTH,opens AT/ABOVE Fri low (tradeable),pen_after_Blow_atr,108,110,0.4277684519175867,0.34958737889857505,0.07818107301901167,-0.030421429310149357,0.19837007961399944,0.16533333333333333
RTH,opens AT/ABOVE Fri low (tradeable),bounce_after_Blow_atr,108,110,0.32623405361648805,0.3317273029430099,-0.005493249326521843,-0.08652180934688619,0.06793682778661107,0.9
RTH,opens AT/ABOVE Fri low (tradeable),mae_before_Blow_atr,108,110,0.15598095914563756,0.1412157892680097,0.014765169877627854,-0.03479560778323883,0.05819540460664159,0.496
RTH,opens INSIDE Fri range,touch_Blow,247,356,0.38461538461538464,0.2893258426966292,0.09528954191875544,0.005636272435546106,0.18550533120175255,0.04133333333333333
RTH,opens INSIDE Fri range,seq_low_first,247,356,0.3360323886639676,0.26685393258426965,0.06917845607969797,-0.021158782376434742,0.15627039368814225,0.12
RTH,opens INSIDE Fri range,Blow_by30,247,356,0.1700404858299595,0.1404494382022472,0.029591047627712308,-0.03376293256348091,0.0948135383527747,0.36933333333333335
RTH,opens INSIDE Fri range,Blow_by60,247,356,0.22672064777327935,0.19101123595505617,0.03570941181822318,-0.04327172150405016,0.11254706305691439,0.35733333333333334
RTH,opens INSIDE Fri range,net30_atr,247,356,-0.001972185439527357,-0.017239167055580987,0.01526698161605363,-0.0367162131047109,0.0691231917514721,0.5253333333333333
RTH,opens INSIDE Fri range,net60_atr,247,356,0.014953749625965254,-0.011704075550905418,0.026657825176870674,-0.04402618967440501,0.09915885100921724,0.48533333333333334
RTH,opens INSIDE Fri range,ret_close_atr,247,356,0.03402339612772884,0.09081613641835586,-0.05679274029062702,-0.16415309303015266,0.04929706665802511,0.32133333333333336
RTH,opens INSIDE Fri range,mfe_down_atr,247,356,0.44323609575764583,0.3195327877221976,0.12370330803544821,0.04405852560191133,0.20312222344094802,0.0013333333333333333
RTH,opens INSIDE Fri range,mfe_up_atr,247,356,0.4083040842502024,0.3706650194864645,0.037639064763737906,-0.023262684182704593,0.09926220763632,0.208
RTH,opens INSIDE Fri range,first_move_dn,247,356,0.4331983805668016,0.3848314606741573,0.0483669198926443,-0.0379267947219241,0.13708389837403337,0.29733333333333334
RTH,opens INSIDE Fri range,or15_dn,247,356,0.46153846153846156,0.45786516853932585,0.0036732929991357133,-0.09189907448004551,0.10711785992892434,0.9333333333333333
RTH,opens INSIDE Fri range,or30_dn,247,356,0.4251012145748988,0.42134831460674155,0.003752899968157253,-0.09298322938653585,0.10116269419168206,0.9573333333333334
RTH,opens INSIDE Fri range,dir60_up,247,356,0.5991902834008097,0.5702247191011236,0.02896556429968611,-0.06903304475389337,0.12158916505182692,0.5533333333333333
RTH,opens INSIDE Fri range,pen_after_Blow_atr,95,103,0.44340890432713376,0.34125162529817976,0.102157279028954,-0.007714213475586996,0.2237549554412325,0.07733333333333334
RTH,opens INSIDE Fri range,bounce_after_Blow_atr,95,103,0.33879392913891293,0.32814224422421945,0.010651684914693482,-0.07193850566083598,0.09357640126198204,0.7933333333333333
RTH,opens INSIDE Fri range,mae_before_Blow_atr,95,103,0.15183626317690296,0.1329240766574273,0.018912186519475654,-0.023167177715576873,0.06324999380753299,0.41333333333333333
RTH,opens ABOVE Fri range,touch_Blow,111,156,0.11711711711711711,0.04487179487179487,0.07224532224532224,-0.006030401680099439,0.15475281083919182,0.06533333333333333
RTH,opens ABOVE Fri range,seq_low_first,111,156,0.0,0.0,0.0,0.0,0.0,2.0
RTH,opens ABOVE Fri range,Blow_by30,111,156,0.0,0.0,0.0,0.0,0.0,2.0
RTH,opens ABOVE Fri range,Blow_by60,111,156,0.0,0.00641025641025641,-0.00641025641025641,-0.02034266409266409,0.0,0.6853333333333333
RTH,opens ABOVE Fri range,net30_atr,111,156,-0.0799227061271099,-0.057583303491656426,-0.022339402635453476,-0.08916115275852834,0.047477262895718686,0.5493333333333333
RTH,opens ABOVE Fri range,net60_atr,111,156,-0.09953322064235884,-0.0720877977910088,-0.027445422851350043,-0.11791680838878334,0.06557905048883793,0.5786666666666667
RTH,opens ABOVE Fri range,ret_close_atr,111,156,0.019994839658144196,0.08645812122665938,-0.06646328156851519,-0.24410437777525928,0.1122426276971569,0.492
RTH,opens ABOVE Fri range,mfe_down_atr,111,156,0.42295592593525133,0.3223046452090151,0.10065128072623625,-0.02649895956726548,0.251175114033052,0.12266666666666666
RTH,opens ABOVE Fri range,mfe_up_atr,111,156,0.4246594502071231,0.3748748474673474,0.049784602739775696,-0.052400641045009265,0.15325651668041468,0.3293333333333333
RTH,opens ABOVE Fri range,first_move_dn,111,156,0.3783783783783784,0.3525641025641026,0.02581427581427581,-0.11744988665521355,0.17040832263069763,0.7013333333333334
RTH,opens ABOVE Fri range,or15_dn,111,156,0.3963963963963964,0.3782051282051282,0.018191268191268206,-0.11509096468856604,0.15190008441485686,0.828
RTH,opens ABOVE Fri range,or30_dn,111,156,0.36936936936936937,0.42948717948717946,-0.06011781011781009,-0.19907911508477127,0.09577494931325116,0.476
RTH,opens ABOVE Fri range,dir60_up,111,156,0.6396396396396397,0.6025641025641025,0.037075537075537124,-0.09014732537577368,0.1724825489206019,0.5213333333333333
RTH,opens BELOW Fri range (gap already through),touch_Blow,109,57,1.0,1.0,0.0,0.0,0.0,2.0
RTH,opens BELOW Fri range (gap already through),seq_low_first,109,57,1.0,1.0,0.0,0.0,0.0,2.0
RTH,opens BELOW Fri range (gap already through),Blow_by30,109,57,1.0,1.0,0.0,0.0,0.0,2.0
RTH,opens BELOW Fri range (gap already through),Blow_by60,109,57,1.0,1.0,0.0,0.0,0.0,2.0
RTH,opens BELOW Fri range (gap already through),net30_atr,109,57,-0.04691650390061206,-0.108695682562621,0.06177917866200893,-0.07909792088398358,0.19229852154593643,0.36
RTH,opens BELOW Fri range (gap already through),net60_atr,109,57,-0.1095658245480155,-0.11620444863073182,0.006638624082716316,-0.1826294557434821,0.1806621021209837,0.9973333333333333
RTH,opens BELOW Fri range (gap already through),ret_close_atr,109,57,0.11832326913041312,0.2678162942923777,-0.14949302516196455,-0.43777920644869556,0.12448037865783028,0.2946666666666667
RTH,opens BELOW Fri range (gap already through),mfe_down_atr,109,57,0.5772229939403315,0.3552420827601986,0.2219809111801329,0.04633236598223276,0.4026463398237208,0.009333333333333334
RTH,opens BELOW Fri range (gap already through),mfe_up_atr,109,57,0.6531437871713307,0.6082406461498358,0.04490314102149495,-0.15398417265874714,0.2556877132133587,0.66
RTH,opens BELOW Fri range (gap already through),first_move_dn,109,57,0.5229357798165137,0.2982456140350877,0.22469016578142603,0.04329127540421601,0.40656377306494124,0.012
RTH,opens BELOW Fri range (gap already through),or15_dn,109,57,0.43119266055045874,0.3684210526315789,0.06277160791887981,-0.13020973405050054,0.24446043010246507,0.49866666666666665
RTH,opens BELOW Fri range (gap already through),or30_dn,109,57,0.3761467889908257,0.3684210526315789,0.007725736359246782,-0.18083928364100774,0.19230764503441478,0.9386666666666666
RTH,opens BELOW Fri range (gap already through),dir60_up,109,57,0.5229357798165137,0.6491228070175439,-0.12618702720103014,-0.30333509762408845,0.0625,0.204
RTH,opens BELOW Fri range (gap already through),pen_after_Blow_atr,109,57,1.0602828344138302,0.8442442981535906,0.2160385362602396,-0.07261133225254199,0.5053919425487219,0.14933333333333335
RTH,opens BELOW Fri range (gap already through),bounce_after_Blow_atr,109,57,0.17008394669783192,0.11923843075644389,0.05084551594138803,-0.17412229387501857,0.2928017463053472,0.692
RTH,opens BELOW Fri range (gap already through),mae_before_Blow_atr,109,57,0.050781385497584944,0.06181456093015781,-0.011033175432572866,-0.03148806637015347,0.00892300493214327,0.30266666666666664
BROKER,ALL Mondays,touch_Blow,475,601,0.4968421052631579,0.2911813643926789,0.20566074087047903,0.1312108923727217,0.27527500255333187,0.0
BROKER,ALL Mondays,seq_low_first,475,601,0.4378947368421053,0.2612312811980033,0.17666345564410196,0.10357470475748504,0.2468299426847814,0.0
BROKER,ALL Mondays,Blow_by30,475,601,0.21894736842105264,0.09816971713810316,0.12077765128294948,0.06410930802761776,0.17638822260702802,0.0
BROKER,ALL Mondays,Blow_by60,475,601,0.2294736842105263,0.1048252911813644,0.1246483930291619,0.07063325057729014,0.18086879910250303,0.0
BROKER,ALL Mondays,net30_atr,475,601,0.0021340270786469194,-0.004701259678556558,0.006835286757203478,-0.017845615363779536,0.03234269713877018,0.608
BROKER,ALL Mondays,net60_atr,475,601,-0.0031790881433383113,-0.004932238502582652,0.0017531503592443406,-0.026446987931097045,0.02918715438907251,0.896
BROKER,ALL Mondays,ret_close_atr,475,601,0.07585502041412416,0.12292437113276039,-0.04706935071863623,-0.14940175869310934,0.06305011097289547,0.392
BROKER,ALL Mondays,mfe_down_atr,475,601,0.5497122828545036,0.37382218466652994,0.17589009818797363,0.10481840850028372,0.25714777391276683,0.0
BROKER,ALL Mondays,mfe_up_atr,475,601,0.5548776590074948,0.4405747265082421,0.11430293249925266,0.04914983424453985,0.18466283814284537,0.0
BROKER,ALL Mondays,first_move_dn,475,601,0.4378947368421053,0.3860232945091514,0.051871442332953877,-0.021350706044157883,0.12189181610234856,0.16
BROKER,ALL Mondays,or15_dn,475,601,0.4568421052631579,0.4875207986688852,-0.03067869340572732,-0.10418855297098499,0.04525381387529924,0.4573333333333333
BROKER,ALL Mondays,or30_dn,475,601,0.4421052631578947,0.4858569051580699,-0.04375164200017517,-0.12004515254054249,0.02592725402667187,0.23866666666666667
BROKER,ALL Mondays,dir60_up,475,601,0.5368421052631579,0.4891846921797005,0.04765741308345739,-0.025784666308952087,0.11575276850859159,0.20933333333333334
BROKER,ALL Mondays,pen_after_Blow_atr,236,175,0.6772815214778782,0.4528422406458168,0.22443928083206144,0.08387110157449114,0.3634784412288591,0.0013333333333333333
BROKER,ALL Mondays,bounce_after_Blow_atr,236,175,0.4655994343972689,0.3954789496475745,0.0701204847496944,-0.022858978375753482,0.1665924854258939,0.14133333333333334
BROKER,ALL Mondays,mae_before_Blow_atr,236,175,0.1465574157242929,0.12721117134531146,0.019346244378981442,-0.021817258491520025,0.05971070346656477,0.356
BROKER,opens AT/ABOVE Fri low (tradeable),touch_Blow,404,555,0.4084158415841584,0.23243243243243245,0.17598340915172594,0.10132957582421113,0.24864418442266165,0.0
BROKER,opens AT/ABOVE Fri low (tradeable),seq_low_first,404,555,0.33910891089108913,0.2,0.13910891089108912,0.065803061850025,0.21182444612840085,0.0
BROKER,opens AT/ABOVE Fri low (tradeable),Blow_by30,404,555,0.08168316831683169,0.023423423423423424,0.058259744893408266,0.024471785045503312,0.09316174796723242,0.0
BROKER,opens AT/ABOVE Fri low (tradeable),Blow_by60,404,555,0.09405940594059406,0.03063063063063063,0.06342877530996344,0.02782208090521479,0.10175167788532775,0.0
BROKER,opens AT/ABOVE Fri low (tradeable),net30_atr,404,555,3.404036298561437e-05,-0.008854215174873574,0.008888255537859189,-0.015359846153730742,0.035681344608394616,0.5213333333333333
BROKER,opens AT/ABOVE Fri low (tradeable),net60_atr,404,555,-0.005335201583805284,-0.007759843703079321,0.002424642119274037,-0.023352625082029725,0.031119394201310886,0.884
BROKER,opens AT/ABOVE Fri low (tradeable),ret_close_atr,404,555,0.06518251230177864,0.0996228091802355,-0.03444029687845686,-0.13554880186778767,0.07129700470599126,0.5626666666666666
BROKER,opens AT/ABOVE Fri low (tradeable),mfe_down_atr,404,555,0.523089221862663,0.37406101247955015,0.1490282093831129,0.06976264237705136,0.23002764273578077,0.0026666666666666666
BROKER,opens AT/ABOVE Fri low (tradeable),mfe_up_atr,404,555,0.5146185812038133,0.41800471618279944,0.09661386502101388,0.032180268062809186,0.16544502813126238,0.0013333333333333333
BROKER,opens AT/ABOVE Fri low (tradeable),first_move_dn,404,555,0.42574257425742573,0.390990990990991,0.03475158326643474,-0.03943253906747996,0.11019186176759016,0.4013333333333333
BROKER,opens AT/ABOVE Fri low (tradeable),or15_dn,404,555,0.4405940594059406,0.4864864864864865,-0.04589242708054592,-0.12612141628259801,0.024697011873298858,0.228
BROKER,opens AT/ABOVE Fri low (tradeable),or30_dn,404,555,0.4207920792079208,0.4900900900900901,-0.0692980108821693,-0.14787928439864054,0.011556523126815035,0.08
BROKER,opens AT/ABOVE Fri low (tradeable),dir60_up,404,555,0.5420792079207921,0.4810810810810811,0.06099812683971101,-0.014129412325531217,0.14079442822427077,0.12933333333333333
BROKER,opens AT/ABOVE Fri low (tradeable),pen_after_Blow_atr,165,129,0.5641757266417052,0.3896365188910355,0.17453920775066972,0.038577362315543276,0.3165186941727735,0.009333333333333334
BROKER,opens AT/ABOVE Fri low (tradeable),bounce_after_Blow_atr,165,129,0.43142206512157916,0.3747056833795807,0.056716381741998445,-0.03177479139561725,0.1451866885261974,0.19733333333333333
BROKER,opens AT/ABOVE Fri low (tradeable),mae_before_Blow_atr,165,129,0.1888892581139867,0.15412096723999608,0.03476829087399064,-0.015951511445164296,0.08309403731527107,0.18
BROKER,opens INSIDE Fri range,touch_Blow,351,457,0.45584045584045585,0.26695842450765866,0.18888203133279718,0.10782436273786085,0.267907668359823,0.0
BROKER,opens INSIDE Fri range,seq_low_first,351,457,0.3903133903133903,0.24288840262582057,0.14742498768756973,0.07007699366667021,0.22089723486340998,0.0
BROKER,opens INSIDE Fri range,Blow_by30,351,457,0.09401709401709402,0.028446389496717725,0.06557070452037629,0.02955843116127326,0.10778352321876844,0.0
BROKER,opens INSIDE Fri range,Blow_by60,351,457,0.10826210826210826,0.037199124726477024,0.07106298353563123,0.02860659930635903,0.11128074236439396,0.0
BROKER,opens INSIDE Fri range,net30_atr,351,457,0.002980603177371763,-0.0034472166604296306,0.006427819837801394,-0.019638128137072497,0.03647348536109906,0.6586666666666666
BROKER,opens INSIDE Fri range,net60_atr,351,457,-0.0031374107851095665,-0.0036662729547137247,0.0005288621696041581,-0.028508860924767027,0.03322849184358916,0.9333333333333333
BROKER,opens INSIDE Fri range,ret_close_atr,351,457,0.07001142941715226,0.10196854191179214,-0.03195711249463988,-0.1438080188771931,0.07569183968973361,0.6186666666666667
BROKER,opens INSIDE Fri range,mfe_down_atr,351,457,0.5401765455044555,0.3804680149998516,0.15970853050460387,0.07327529976874045,0.2523842280755843,0.0
BROKER,opens INSIDE Fri range,mfe_up_atr,351,457,0.5201251779655098,0.4210608636992675,0.09906431426624235,0.032878791515295644,0.16928344345719906,0.005333333333333333
BROKER,opens INSIDE Fri range,first_move_dn,351,457,0.4301994301994302,0.4135667396061269,0.0166326905933033,-0.06436227483512703,0.09811471909239997,0.7013333333333334
BROKER,opens INSIDE Fri range,or15_dn,351,457,0.4188034188034188,0.487964989059081,-0.06916157025566216,-0.15439495302984144,0.014212616058520039,0.108
BROKER,opens INSIDE Fri range,or30_dn,351,457,0.38746438746438744,0.487964989059081,-0.10050060159469354,-0.1788032695342017,-0.013356355563938166,0.02
BROKER,opens INSIDE Fri range,dir60_up,351,457,0.5555555555555556,0.4814004376367615,0.07415511791879409,-0.0051584912066449,0.15795781982302268,0.072
BROKER,opens INSIDE Fri range,pen_after_Blow_atr,160,122,0.5757292069132024,0.3967695334411838,0.17895967347201858,0.03934994838166026,0.33411479047883197,0.010666666666666666
BROKER,opens INSIDE Fri range,bounce_after_Blow_atr,160,122,0.43711832220675684,0.37318176972434913,0.0639365524824077,-0.025611043554774955,0.15592226983010674,0.16133333333333333
BROKER,opens INSIDE Fri range,mae_before_Blow_atr,160,122,0.1851279773895272,0.1462197412920708,0.03890823609745639,-0.015197255907130072,0.0891059312390058,0.156
BROKER,opens ABOVE Fri range,touch_Blow,53,98,0.09433962264150944,0.07142857142857142,0.022911051212938016,-0.062483383551931934,0.11378272900069115,0.6626666666666666
BROKER,opens ABOVE Fri range,seq_low_first,53,98,0.0,0.0,0.0,0.0,0.0,2.0
BROKER,opens ABOVE Fri range,Blow_by30,53,98,0.0,0.0,0.0,0.0,0.0,2.0
BROKER,opens ABOVE Fri range,Blow_by60,53,98,0.0,0.0,0.0,0.0,0.0,2.0
BROKER,opens ABOVE Fri range,net30_atr,53,98,-0.019479988841722667,-0.034068483757535635,0.014588494915812968,-0.027403785786900184,0.05718296467431221,0.512
BROKER,opens ABOVE Fri range,net60_atr,53,98,-0.01989038215629954,-0.02684925015209032,0.00695886799579078,-0.044063593206045526,0.061161552145567157,0.7586666666666667
BROKER,opens ABOVE Fri range,ret_close_atr,53,98,0.033202325367889245,0.08868403511573161,-0.05548170974784237,-0.28114140266052495,0.17711890569803465,0.652
BROKER,opens ABOVE Fri range,mfe_down_atr,53,98,0.4099260030273956,0.3441834599103891,0.0657425431170065,-0.08681146473360307,0.2241100495936561,0.41733333333333333
BROKER,opens ABOVE Fri range,mfe_up_atr,53,98,0.47815036491408647,0.4037530894988614,0.07439727541522506,-0.059887751910986435,0.21271868619338316,0.2786666666666667
BROKER,opens ABOVE Fri range,first_move_dn,53,98,0.39622641509433965,0.2857142857142857,0.11051212938005395,-0.0477940563383895,0.27422357549880244,0.164
BROKER,opens ABOVE Fri range,or15_dn,53,98,0.5849056603773585,0.47959183673469385,0.10531382364266462,-0.08973641472938944,0.2994227846621464,0.268
BROKER,opens ABOVE Fri range,or30_dn,53,98,0.6415094339622641,0.5,0.14150943396226412,-0.056595834209972606,0.3247837185130839,0.16
BROKER,opens ABOVE Fri range,dir60_up,53,98,0.4528301886792453,0.47959183673469385,-0.02676164805544856,-0.2136274180096317,0.15591397849462363,0.7893333333333333
BROKER,opens BELOW Fri range (gap already through),touch_Blow,71,46,1.0,1.0,0.0,0.0,0.0,2.0
BROKER,opens BELOW Fri range (gap already through),seq_low_first,71,46,1.0,1.0,0.0,0.0,0.0,2.0
BROKER,opens BELOW Fri range (gap already through),Blow_by30,71,46,1.0,1.0,0.0,0.0,0.0,2.0
BROKER,opens BELOW Fri range (gap already through),Blow_by60,71,46,1.0,1.0,0.0,0.0,0.0,2.0
BROKER,opens BELOW Fri range (gap already through),net30_atr,71,46,0.014083247263536606,0.045405051200920477,-0.031321803937383874,-0.1365525353721274,0.07235015999638258,0.5493333333333333
BROKER,opens BELOW Fri range (gap already through),net60_atr,71,46,0.009089501010868119,0.02918343293819237,-0.02009393192732425,-0.13552614438022462,0.09469329405195276,0.744
BROKER,opens BELOW Fri range (gap already through),ret_close_atr,71,46,0.13658309474352687,0.40406278164691894,-0.2674796869033921,-0.6848431571468532,0.14397873331304986,0.208
BROKER,opens BELOW Fri range (gap already through),mfe_down_atr,71,46,0.7012012496249771,0.37094067518335133,0.33026057444162576,0.02219872338676052,0.625810792188979,0.04133333333333333
BROKER,opens BELOW Fri range (gap already through),mfe_up_atr,71,46,0.7839574820030906,0.7128868076086917,0.07107067439439885,-0.18136172499416464,0.34209284690702585,0.6346666666666667
BROKER,opens BELOW Fri range (gap already through),first_move_dn,71,46,0.5070422535211268,0.32608695652173914,0.18095529699938762,-0.061375334224598926,0.407375,0.11866666666666667
BROKER,opens BELOW Fri range (gap already through),or15_dn,71,46,0.5492957746478874,0.5,0.04929577464788737,-0.1752956891809542,0.2727762459150326,0.6773333333333333
BROKER,opens BELOW Fri range (gap already through),or30_dn,71,46,0.5633802816901409,0.43478260869565216,0.1285976729944887,-0.08141360602045157,0.343063725490196,0.24666666666666667
BROKER,opens BELOW Fri range (gap already through),dir60_up,71,46,0.5070422535211268,0.5869565217391305,-0.07991426821800374,-0.29420763060468946,0.14622297637003498,0.47733333333333333
BROKER,opens BELOW Fri range (gap already through),pen_after_Blow_atr,71,46,0.9401330165196887,0.6300930690450945,0.3100399474745942,-0.03788348805804647,0.6517678090102362,0.08
BROKER,opens BELOW Fri range (gap already through),bounce_after_Blow_atr,71,46,0.5450257151083789,0.4537344137469485,0.09129130136143043,-0.1489601500546118,0.34645667377464434,0.472
BROKER,opens BELOW Fri range (gap already through),mae_before_Blow_atr,71,46,0.048180598903173506,0.05174674372760881,-0.003566144824435305,-0.03128575057769754,0.020663439539371643,0.7666666666666667
