sessdef,variable,outcome,n,model,coef_std,ci_lo,ci_hi,p_cluster,bh_rank,bh_crit,survives_BH05
RTH,shortfall_atr,touch_Blow,467,logit,0.10960702233802776,-0.14836838013291323,0.40671798049828894,0.41333333333333333,33.0,0.019642857142857146,False
RTH,shortfall_atr,seq_low_first,467,logit,0.1607128203080971,-0.08747129261536933,0.42759850805862554,0.21666666666666667,16.0,0.009523809523809525,False
RTH,shortfall_atr,dn60_atr,467,ols,0.0014111043113625992,-0.033221376534280325,0.03863342896946386,0.9333333333333333,82.0,0.048809523809523817,False
RTH,shortfall_atr,net60_atr,467,ols,-0.053809531027581,-0.13583852215914968,0.02345019739311582,0.19333333333333333,15.0,0.008928571428571428,False
RTH,shortfall_atr,ret_close_atr,467,ols,0.06358131354484366,-0.04950823007204101,0.16074637542154124,0.23,18.0,0.010714285714285714,False
RTH,shortfall_atr,mfe_down_atr,467,ols,0.022522982195345403,-0.04539303397681127,0.10251072526763437,0.5633333333333334,51.0,0.03035714285714286,False
RTH,fri_frac_high,touch_Blow,467,logit,0.05059715499869135,-0.32633218465794644,0.3853450706788295,0.7833333333333333,71.0,0.042261904761904764,False
RTH,fri_frac_high,seq_low_first,467,logit,-0.14805022313392655,-0.4892208035023695,0.18818305525340154,0.4033333333333333,29.0,0.017261904761904763,False
RTH,fri_frac_high,dn60_atr,467,ols,-0.017378448873903357,-0.05124839808019527,0.01557613445510436,0.31,22.0,0.013095238095238096,False
RTH,fri_frac_high,net60_atr,467,ols,-0.030105950133245303,-0.08716329762988241,0.022326612851853778,0.3,21.0,0.0125,False
RTH,fri_frac_high,ret_close_atr,467,ols,0.02714173578954665,-0.06664932599159218,0.12400980995804003,0.54,49.0,0.029166666666666667,False
RTH,fri_frac_high,mfe_down_atr,467,ols,0.0022299932581264542,-0.06965566608340529,0.07385558154360598,0.93,80.0,0.047619047619047616,False
RTH,fri_last_hour_ret_atr,touch_Blow,467,logit,0.04525202618769327,-0.24422083711658338,0.35205930562737753,0.7666666666666667,69.0,0.04107142857142857,False
RTH,fri_last_hour_ret_atr,seq_low_first,467,logit,-0.04876272888683944,-0.3911646337743487,0.22181268739526386,0.7666666666666667,70.0,0.041666666666666664,False
RTH,fri_last_hour_ret_atr,dn60_atr,467,ols,0.00362152084987311,-0.04223595798552662,0.048502731201975784,0.92,79.0,0.04702380952380952,False
RTH,fri_last_hour_ret_atr,net60_atr,467,ols,-0.0016004927185336317,-0.08140206694552775,0.0734849925178743,0.9766666666666667,84.0,0.05,False
RTH,fri_last_hour_ret_atr,ret_close_atr,467,ols,-0.04807405420606945,-0.17922038336020307,0.08114441227230763,0.4766666666666667,42.0,0.025,False
RTH,fri_last_hour_ret_atr,mfe_down_atr,467,ols,0.038761363382021116,-0.05862785039816635,0.1323928294418044,0.45,38.0,0.022619047619047622,False
RTH,B_body_ratio,touch_Blow,467,logit,0.23786671374675997,-0.03276697488857066,0.505507612313655,0.07333333333333333,9.0,0.005357142857142857,False
RTH,B_body_ratio,seq_low_first,467,logit,0.3328686031679976,0.0743220700914997,0.6122632471326793,0.016666666666666666,3.0,0.0017857142857142859,False
RTH,B_body_ratio,dn60_atr,467,ols,0.010756976765910888,-0.016215789253759362,0.03715771253631717,0.41,32.0,0.01904761904761905,False
RTH,B_body_ratio,net60_atr,467,ols,0.0031705678571720096,-0.05204214825449692,0.05196140088816415,0.93,81.0,0.04821428571428571,False
RTH,B_body_ratio,ret_close_atr,467,ols,0.007334436247028569,-0.08430661638128803,0.0911336337156535,0.9066666666666666,77.0,0.04583333333333334,False
RTH,B_body_ratio,mfe_down_atr,467,ols,0.007856295424422123,-0.04720733916707585,0.06669007782645832,0.8066666666666666,73.0,0.04345238095238096,False
RTH,B_bear,touch_Blow,467,logit,0.10316922990477324,-0.1997927039178114,0.4375010386661783,0.5033333333333333,46.0,0.027380952380952384,False
RTH,B_bear,seq_low_first,467,logit,0.12337535866478763,-0.22407947659562535,0.4634968855986253,0.5133333333333333,47.0,0.027976190476190477,False
RTH,B_bear,dn60_atr,467,ols,0.006136764966612285,-0.03055359959454183,0.0468535570811705,0.74,67.0,0.039880952380952385,False
RTH,B_bear,net60_atr,467,ols,0.02558784551194169,-0.038831374349851365,0.10170322366262892,0.4666666666666667,40.0,0.023809523809523808,False
RTH,B_bear,ret_close_atr,467,ols,-0.024778839648393922,-0.13533874027849535,0.08124036899599128,0.6766666666666666,62.0,0.036904761904761905,False
RTH,B_bear,mfe_down_atr,467,ols,-0.008416908109857391,-0.08097964790466991,0.06123228455335909,0.84,74.0,0.04404761904761905,False
RTH,B_inside,touch_Blow,467,logit,-0.1913292688807086,-0.45699599368932964,0.032515144640188016,0.10666666666666667,11.0,0.006547619047619048,False
RTH,B_inside,seq_low_first,467,logit,-0.266320909665778,-0.5186279081695776,-0.001151852744885694,0.04666666666666667,6.0,0.0035714285714285718,False
RTH,B_inside,dn60_atr,467,ols,-0.010587015013823248,-0.03591840089055663,0.013770619310476363,0.4033333333333333,30.0,0.017857142857142856,False
RTH,B_inside,net60_atr,467,ols,-0.011554829468225752,-0.05067464236419622,0.028498179770083138,0.5633333333333334,52.0,0.030952380952380953,False
RTH,B_inside,ret_close_atr,467,ols,-0.019961201412497506,-0.07789630639001918,0.04497013155603792,0.5666666666666667,54.0,0.03214285714285715,False
RTH,B_inside,mfe_down_atr,467,ols,-0.008279885151175887,-0.05255043082627826,0.037809054446470175,0.7133333333333334,64.0,0.0380952380952381,False
RTH,B_took_Alow,touch_Blow,467,logit,0.1913292688807086,-0.04142840878325737,0.4300140318461637,0.12666666666666668,13.0,0.007738095238095238,False
RTH,B_took_Alow,seq_low_first,467,logit,0.266320909665778,0.03792208095162048,0.5298379670252681,0.02666666666666667,4.0,0.002380952380952381,False
RTH,B_took_Alow,dn60_atr,467,ols,0.010587015013823248,-0.014769508592457094,0.035850159218958275,0.43666666666666665,36.0,0.02142857142857143,False
RTH,B_took_Alow,net60_atr,467,ols,0.011554829468225752,-0.029346800019033045,0.05594948202054217,0.5933333333333334,58.0,0.034523809523809526,False
RTH,B_took_Alow,ret_close_atr,467,ols,0.019961201412497506,-0.037416788494776074,0.07642006621182358,0.4766666666666667,43.0,0.025595238095238095,False
RTH,B_took_Alow,mfe_down_atr,467,ols,0.008279885151175887,-0.03425404903661837,0.051148943758215444,0.7133333333333334,65.0,0.03869047619047619,False
RTH,B_below_Aclose,touch_Blow,467,logit,0.2354904853607996,-0.03242913208309816,0.5053659853682609,0.09333333333333334,10.0,0.005952380952380952,False
RTH,B_below_Aclose,seq_low_first,467,logit,0.29514790710748984,-0.013582249961643375,0.5979992967593409,0.06333333333333334,8.0,0.004761904761904762,False
RTH,B_below_Aclose,dn60_atr,467,ols,-0.002748395395574384,-0.031056419831616357,0.02503182485445267,0.9133333333333333,78.0,0.04642857142857143,False
RTH,B_below_Aclose,net60_atr,467,ols,-0.023714146378282615,-0.07182526032860945,0.01981620794993037,0.3233333333333333,23.0,0.013690476190476192,False
RTH,B_below_Aclose,ret_close_atr,467,ols,-0.030906080921754748,-0.11977383646197999,0.048772173864090294,0.46,39.0,0.023214285714285715,False
RTH,B_below_Aclose,mfe_down_atr,467,ols,0.025187989231557375,-0.02820474274425375,0.07883429491622797,0.37333333333333335,26.0,0.015476190476190477,False
RTH,A_range_atr,touch_Blow,467,logit,-0.10576798054394573,-0.3938735477874422,0.16757407970908025,0.4,27.0,0.016071428571428573,False
RTH,A_range_atr,seq_low_first,467,logit,-0.09439832181802905,-0.3888031826142972,0.19557568246542603,0.48333333333333334,44.0,0.02619047619047619,False
RTH,A_range_atr,dn60_atr,467,ols,0.00878580394489738,-0.02551323100725329,0.04460328806815528,0.6466666666666666,60.0,0.03571428571428571,False
RTH,A_range_atr,net60_atr,467,ols,0.0005559411180705034,-0.06410715170844279,0.06512588328545998,0.9533333333333334,83.0,0.04940476190476191,False
RTH,A_range_atr,ret_close_atr,467,ols,0.030415542811331835,-0.07753379254604328,0.1290717003022379,0.5733333333333334,55.0,0.03273809523809524,False
RTH,A_range_atr,mfe_down_atr,467,ols,0.01408907308504447,-0.06565410542848224,0.09051004408636201,0.68,63.0,0.037500000000000006,False
RTH,A_close_loc,touch_Blow,467,logit,0.11563335311585422,-0.14128545246395685,0.39001055479676033,0.42333333333333334,35.0,0.020833333333333332,False
RTH,A_close_loc,seq_low_first,467,logit,0.044350088626743014,-0.20944627569393476,0.3075453910966667,0.73,66.0,0.03928571428571429,False
RTH,A_close_loc,dn60_atr,467,ols,0.010989696876171361,-0.020745478659573987,0.04958163647048334,0.6,59.0,0.03511904761904762,False
RTH,A_close_loc,net60_atr,467,ols,0.01972048553847631,-0.042973463817639744,0.0784544692524991,0.5633333333333334,53.0,0.031547619047619054,False
RTH,A_close_loc,ret_close_atr,467,ols,-0.0814573264439881,-0.17048175566532114,-0.0006459138658142037,0.05,7.0,0.0041666666666666675,False
RTH,A_close_loc,mfe_down_atr,467,ols,0.03508795405833298,-0.020355227641201675,0.09058440052631506,0.22333333333333333,17.0,0.01011904761904762,False
RTH,A_bear,touch_Blow,467,logit,-0.14057209082050487,-0.40662810060388727,0.10650897728901332,0.23666666666666666,19.0,0.011309523809523811,False
RTH,A_bear,seq_low_first,467,logit,-0.0668165915096192,-0.32847741762894095,0.16965863339472545,0.5566666666666666,50.0,0.02976190476190476,False
RTH,A_bear,dn60_atr,467,ols,-0.0041292739022934346,-0.03547507549478461,0.02766280461335253,0.8,72.0,0.04285714285714286,False
RTH,A_bear,net60_atr,467,ols,-0.02538473731032633,-0.07707449263795166,0.02194287647266497,0.33666666666666667,24.0,0.014285714285714287,False
RTH,A_bear,ret_close_atr,467,ols,0.09688177243087558,0.01626758249064647,0.17020322987678668,0.02666666666666667,5.0,0.002976190476190476,False
RTH,A_bear,mfe_down_atr,467,ols,-0.03838151573572579,-0.08687188368007308,0.015957633173205525,0.17,14.0,0.008333333333333335,False
RTH,fri_high_before_low,touch_Blow,467,logit,-0.12716967962043332,-0.46489465203353875,0.18726981292561454,0.42,34.0,0.02023809523809524,False
RTH,fri_high_before_low,seq_low_first,467,logit,0.054771273753014646,-0.26218188270826753,0.3786566739613216,0.75,68.0,0.04047619047619048,False
RTH,fri_high_before_low,dn60_atr,467,ols,0.010602421042638682,-0.021454044653322367,0.04616394332192997,0.5333333333333333,48.0,0.028571428571428574,False
RTH,fri_high_before_low,net60_atr,467,ols,0.018777911777235718,-0.03521088294936873,0.07443386313269247,0.4666666666666667,41.0,0.024404761904761908,False
RTH,fri_high_before_low,ret_close_atr,467,ols,0.007052435282362405,-0.07971232869763299,0.09107427698151388,0.8766666666666667,76.0,0.045238095238095244,False
RTH,fri_high_before_low,mfe_down_atr,467,ols,-0.021887500059019776,-0.08832099091702124,0.045276224792739066,0.5833333333333334,57.0,0.03392857142857143,False
RTH,fri_first_hour_range_atr,touch_Blow,467,logit,-0.1516697179024196,-0.49418019896603205,0.1748685214396633,0.3433333333333333,25.0,0.01488095238095238,False
RTH,fri_first_hour_range_atr,seq_low_first,467,logit,-0.0929069941816233,-0.42508416798074705,0.1937222657083262,0.49,45.0,0.026785714285714284,False
RTH,fri_first_hour_range_atr,dn60_atr,467,ols,0.025640125514591525,-0.020820242626065227,0.06752908611451561,0.28,20.0,0.011904761904761904,False
RTH,fri_first_hour_range_atr,net60_atr,467,ols,0.01801640827556867,-0.057440092094440016,0.08427742181619605,0.6633333333333333,61.0,0.03630952380952381,False
RTH,fri_first_hour_range_atr,ret_close_atr,467,ols,-0.00512948020333039,-0.13136595305351273,0.11822700276639013,0.85,75.0,0.044642857142857144,False
RTH,fri_first_hour_range_atr,mfe_down_atr,467,ols,0.02178004122612643,-0.06292654007544472,0.10066094392187043,0.58,56.0,0.03333333333333334,False
RTH,open_to_Blow_atr,touch_Blow,467,logit,-3.2713275385427867,-4.6041351349092,-2.4700397678121306,0.0,1.0,0.0005952380952380953,True
RTH,open_to_Blow_atr,seq_low_first,467,logit,-5.200359858584174,-7.0722505276162355,-4.114861322164913,0.0,2.0,0.0011904761904761906,True
RTH,open_to_Blow_atr,dn60_atr,467,ols,-0.015379115736602453,-0.048678084402891404,0.014553136987431171,0.4033333333333333,31.0,0.018452380952380953,False
RTH,open_to_Blow_atr,net60_atr,467,ols,0.07374822817987144,-0.0150155540924959,0.15626218699980726,0.11,12.0,0.0071428571428571435,False
RTH,open_to_Blow_atr,ret_close_atr,467,ols,-0.053776568458787546,-0.171930583621619,0.06532615856433252,0.4,28.0,0.01666666666666667,False
RTH,open_to_Blow_atr,mfe_down_atr,467,ols,-0.033806558923155205,-0.11302157640958391,0.048431887196130605,0.44,37.0,0.022023809523809525,False
BROKER,shortfall_atr,touch_Blow,475,logit,0.028415084318394047,-0.23478300542496944,0.2964533140131346,0.7766666666666666,72.0,0.04285714285714286,False
BROKER,shortfall_atr,seq_low_first,475,logit,0.027774503175516236,-0.2663343012632722,0.29123285448032415,0.8733333333333333,80.0,0.047619047619047616,False
BROKER,shortfall_atr,dn60_atr,475,ols,0.0066903369002579436,-0.012579530110311802,0.029202806352529483,0.5933333333333334,59.0,0.03511904761904762,False
BROKER,shortfall_atr,net60_atr,475,ols,0.0078817143584572,-0.021184612145252777,0.04206251707753831,0.55,54.0,0.03214285714285715,False
BROKER,shortfall_atr,ret_close_atr,475,ols,0.027857113667777884,-0.11295165665990503,0.16382195588897938,0.6,61.0,0.03630952380952381,False
BROKER,shortfall_atr,mfe_down_atr,475,ols,0.05433657255506849,-0.03004462681460241,0.15376965699282116,0.24333333333333335,32.0,0.01904761904761905,False
BROKER,fri_frac_high,touch_Blow,475,logit,-0.08114096998042264,-0.3363107465538345,0.19660393688327135,0.56,55.0,0.03273809523809524,False
BROKER,fri_frac_high,seq_low_first,475,logit,-0.12372591529466624,-0.42446052237012133,0.15145097186302403,0.3933333333333333,43.0,0.025595238095238095,False
BROKER,fri_frac_high,dn60_atr,475,ols,-0.00844741007275777,-0.022874024697514456,0.007499828081485827,0.33,38.0,0.022619047619047622,False
BROKER,fri_frac_high,net60_atr,475,ols,-0.011599646082510242,-0.03659930407532919,0.011042129943990068,0.28,36.0,0.02142857142857143,False
BROKER,fri_frac_high,ret_close_atr,475,ols,0.03784529935202588,-0.05572414873736342,0.13393547874237874,0.4033333333333333,44.0,0.02619047619047619,False
BROKER,fri_frac_high,mfe_down_atr,475,ols,-0.04770909369565478,-0.11987827106344842,0.021290549838548938,0.17333333333333334,22.0,0.013095238095238096,False
BROKER,fri_last_hour_ret_atr,touch_Blow,475,logit,0.192600626259032,-0.17136144074827955,0.5048856790882584,0.25666666666666665,35.0,0.020833333333333332,False
BROKER,fri_last_hour_ret_atr,seq_low_first,475,logit,0.1806430324480612,-0.10937863237616104,0.5101262375848303,0.21666666666666667,29.0,0.017261904761904763,False
BROKER,fri_last_hour_ret_atr,dn60_atr,475,ols,0.025821448416496324,-0.006205430594793618,0.06711723229471667,0.15333333333333332,19.0,0.011309523809523811,False
BROKER,fri_last_hour_ret_atr,net60_atr,475,ols,0.03412828295577809,-0.005562053689891775,0.08071057228071159,0.10333333333333333,13.0,0.007738095238095238,False
BROKER,fri_last_hour_ret_atr,ret_close_atr,475,ols,-0.11143258226306083,-0.26486984857120693,0.04508704340118296,0.18333333333333332,25.0,0.01488095238095238,False
BROKER,fri_last_hour_ret_atr,mfe_down_atr,475,ols,0.07796087480077224,-0.006977887008751253,0.15923090890099775,0.10666666666666667,14.0,0.008333333333333335,False
BROKER,B_body_ratio,touch_Blow,475,logit,0.37831069062531636,0.10440927578460239,0.6732355008190483,0.0,1.0,0.0005952380952380953,True
BROKER,B_body_ratio,seq_low_first,475,logit,0.3809254241983681,0.11155396872818028,0.7020819286524654,0.013333333333333334,5.0,0.002976190476190476,False
BROKER,B_body_ratio,dn60_atr,475,ols,0.015736595756765434,-0.006616341711913174,0.04493387385813275,0.19,27.0,0.016071428571428573,False
BROKER,B_body_ratio,net60_atr,475,ols,0.0213187176746516,-0.00843796581145811,0.05296227033775536,0.18666666666666668,26.0,0.015476190476190477,False
BROKER,B_body_ratio,ret_close_atr,475,ols,-0.14143037633284378,-0.24833909452363429,-0.04333203259504265,0.0033333333333333335,4.0,0.002380952380952381,False
BROKER,B_body_ratio,mfe_down_atr,475,ols,0.07222234854582815,0.013220955706252943,0.13690190529360902,0.016666666666666666,6.0,0.0035714285714285718,False
BROKER,B_bear,touch_Blow,475,logit,0.09143087116707589,-0.26953393562995254,0.37235736294881294,0.5766666666666667,56.0,0.03333333333333334,False
BROKER,B_bear,seq_low_first,475,logit,0.1032327277523934,-0.2782275941022603,0.4440181274794237,0.5933333333333334,60.0,0.03571428571428571,False
BROKER,B_bear,dn60_atr,475,ols,0.012293961982593025,-0.00515743952450514,0.029523737692010003,0.16333333333333333,20.0,0.011904761904761904,False
BROKER,B_bear,net60_atr,475,ols,0.015402342251636744,-0.012697481138053173,0.045560013267776346,0.25,33.0,0.019642857142857146,False
BROKER,B_bear,ret_close_atr,475,ols,-0.07728235456247026,-0.1917388167143892,0.0300851282751929,0.17,21.0,0.0125,False
BROKER,B_bear,mfe_down_atr,475,ols,0.03474634726351881,-0.0426176860094298,0.10552534061317334,0.3466666666666667,40.0,0.023809523809523808,False
BROKER,B_inside,touch_Blow,475,logit,0.03249661175257814,-0.22389004801289214,0.2961647986960852,0.82,75.0,0.044642857142857144,False
BROKER,B_inside,seq_low_first,475,logit,-0.03843414334061346,-0.3353405130627501,0.21467368796141298,0.7466666666666667,68.0,0.04047619047619048,False
BROKER,B_inside,dn60_atr,475,ols,-0.004063133816108578,-0.01547519002432597,0.008268134874009597,0.5433333333333333,51.0,0.03035714285714286,False
BROKER,B_inside,net60_atr,475,ols,-0.00847936079880442,-0.029387422026314815,0.012592514531690514,0.41,45.0,0.026785714285714284,False
BROKER,B_inside,ret_close_atr,475,ols,-0.02134290752725171,-0.09523716113275695,0.05261048309352092,0.6166666666666667,63.0,0.037500000000000006,False
BROKER,B_inside,mfe_down_atr,475,ols,-0.007805275088774183,-0.06025458591348374,0.03920972191393165,0.7866666666666666,74.0,0.04404761904761905,False
BROKER,B_took_Alow,touch_Blow,475,logit,-0.03249661175257808,-0.3165458851543839,0.20165028126496434,0.76,69.0,0.04107142857142857,False
BROKER,B_took_Alow,seq_low_first,475,logit,0.038434143340613465,-0.27770849263429764,0.32187058645845523,0.83,77.0,0.04583333333333334,False
BROKER,B_took_Alow,dn60_atr,475,ols,0.0040631338161085705,-0.008630558588379215,0.017472065596022053,0.49666666666666665,49.0,0.029166666666666667,False
BROKER,B_took_Alow,net60_atr,475,ols,0.008479360798804418,-0.011743941085661782,0.027845139121155948,0.38666666666666666,42.0,0.025,False
BROKER,B_took_Alow,ret_close_atr,475,ols,0.0213429075272517,-0.05122198638353761,0.09629053023951119,0.4866666666666667,48.0,0.028571428571428574,False
BROKER,B_took_Alow,mfe_down_atr,475,ols,0.007805275088774159,-0.04478469575622497,0.05762774507997878,0.7666666666666667,71.0,0.042261904761904764,False
BROKER,B_below_Aclose,touch_Blow,475,logit,0.07434717106994271,-0.22560731196670591,0.34188020202024316,0.5866666666666667,58.0,0.034523809523809526,False
BROKER,B_below_Aclose,seq_low_first,475,logit,-0.059904754377293895,-0.38924368901904116,0.28321690458076704,0.7166666666666667,65.0,0.03869047619047619,False
BROKER,B_below_Aclose,dn60_atr,475,ols,0.0034306514450486826,-0.011985132624316597,0.01915948883935376,0.7166666666666667,66.0,0.03928571428571429,False
BROKER,B_below_Aclose,net60_atr,475,ols,0.003147064480547691,-0.024161119719032027,0.03486292607024436,0.9066666666666666,82.0,0.048809523809523817,False
BROKER,B_below_Aclose,ret_close_atr,475,ols,-0.09202166752098594,-0.20756367525071975,0.021447835561698884,0.12666666666666668,16.0,0.009523809523809525,False
BROKER,B_below_Aclose,mfe_down_atr,475,ols,0.04882300205422232,-0.01694179659763003,0.11495464802090401,0.14333333333333334,18.0,0.010714285714285714,False
BROKER,A_range_atr,touch_Blow,475,logit,0.04374688299182424,-0.18997144591512932,0.2982366273329787,0.7633333333333333,70.0,0.041666666666666664,False
BROKER,A_range_atr,seq_low_first,475,logit,-0.005053731261804319,-0.3003074945684509,0.2991346725680868,0.9433333333333334,83.0,0.04940476190476191,False
BROKER,A_range_atr,dn60_atr,475,ols,0.014767156351847591,-0.003620128329360853,0.03521436304202412,0.13333333333333333,17.0,0.01011904761904762,False
BROKER,A_range_atr,net60_atr,475,ols,0.013941215173277193,-0.01808236284762307,0.04810518983547356,0.47333333333333333,47.0,0.027976190476190477,False
BROKER,A_range_atr,ret_close_atr,475,ols,-0.012208981454226994,-0.13040291836821338,0.10222093649286912,0.8566666666666667,79.0,0.04702380952380952,False
BROKER,A_range_atr,mfe_down_atr,475,ols,0.05741175483040237,-0.01608249840749698,0.13686388657811718,0.17666666666666667,23.0,0.013690476190476192,False
BROKER,A_close_loc,touch_Blow,475,logit,0.16116509083141473,-0.08755038544821941,0.44381973013059833,0.21666666666666667,30.0,0.017857142857142856,False
BROKER,A_close_loc,seq_low_first,475,logit,0.09731225669649671,-0.16936837771462077,0.37162852132921526,0.49666666666666665,50.0,0.02976190476190476,False
BROKER,A_close_loc,dn60_atr,475,ols,-0.007654522168903429,-0.02198385097545167,0.0063846638079786515,0.31,37.0,0.022023809523809525,False
BROKER,A_close_loc,net60_atr,475,ols,-0.012318633672355564,-0.03288766717949854,0.008611652017009775,0.24,31.0,0.018452380952380953,False
BROKER,A_close_loc,ret_close_atr,475,ols,-0.09820968530358039,-0.18372707349961423,-0.005261503625721962,0.03666666666666667,7.0,0.0041666666666666675,False
BROKER,A_close_loc,mfe_down_atr,475,ols,0.03748135018840856,-0.030580644753340432,0.10792907230946021,0.25333333333333335,34.0,0.02023809523809524,False
BROKER,A_bear,touch_Blow,475,logit,0.06339482926705771,-0.20401921137015783,0.3285706964243975,0.6066666666666667,62.0,0.036904761904761905,False
BROKER,A_bear,seq_low_first,475,logit,0.10490919724830197,-0.14153598630011255,0.415983381460875,0.35,41.0,0.024404761904761908,False
BROKER,A_bear,dn60_atr,475,ols,0.009161590321081603,-0.005422076656569837,0.021342804543876215,0.19,28.0,0.01666666666666667,False
BROKER,A_bear,net60_atr,475,ols,0.021794055658028957,-0.002971029698061427,0.04441151489010129,0.06,10.0,0.005952380952380952,False
BROKER,A_bear,ret_close_atr,475,ols,-0.0278420583053774,-0.10920792275005868,0.057521831281357,0.5466666666666666,53.0,0.031547619047619054,False
BROKER,A_bear,mfe_down_atr,475,ols,0.05348150170011297,0.0005511954412437182,0.11173774388481075,0.05,9.0,0.005357142857142857,False
BROKER,fri_high_before_low,touch_Blow,475,logit,-0.024178257469967507,-0.297065573773753,0.23848725015510858,0.89,81.0,0.04821428571428571,False
BROKER,fri_high_before_low,seq_low_first,475,logit,0.05166414242967178,-0.259124980859981,0.3063436691399715,0.7833333333333333,73.0,0.04345238095238096,False
BROKER,fri_high_before_low,dn60_atr,475,ols,0.01119426896044095,-0.003463964273651684,0.026391313024831924,0.1,12.0,0.0071428571428571435,False
BROKER,fri_high_before_low,net60_atr,475,ols,0.02201082820451802,0.000774024653960902,0.04484446345452605,0.04666666666666667,8.0,0.004761904761904762,False
BROKER,fri_high_before_low,ret_close_atr,475,ols,-0.020886855135277844,-0.12030626529238635,0.08008927695487145,0.5766666666666667,57.0,0.03392857142857143,False
BROKER,fri_high_before_low,mfe_down_atr,475,ols,0.0229485595725093,-0.03351966199328985,0.07591281851118352,0.43666666666666665,46.0,0.027380952380952384,False
BROKER,fri_first_hour_range_atr,touch_Blow,475,logit,-0.004603241701857328,-0.3173445732887626,0.2833822909141308,0.9833333333333333,84.0,0.05,False
BROKER,fri_first_hour_range_atr,seq_low_first,475,logit,0.04691570952565848,-0.36471644436637113,0.3499662451523868,0.83,78.0,0.04642857142857143,False
BROKER,fri_first_hour_range_atr,dn60_atr,475,ols,0.02238580935281926,-0.0022799929221957982,0.05455252523098837,0.09666666666666666,11.0,0.006547619047619048,False
BROKER,fri_first_hour_range_atr,net60_atr,475,ols,-0.0016973325264349472,-0.03630717797749695,0.03803455216434894,0.8233333333333334,76.0,0.045238095238095244,False
BROKER,fri_first_hour_range_atr,ret_close_atr,475,ols,0.045717216855431383,-0.1078339407892537,0.2058455784141098,0.5433333333333333,52.0,0.030952380952380953,False
BROKER,fri_first_hour_range_atr,mfe_down_atr,475,ols,0.023234740908272083,-0.07115573884380905,0.1239597682323322,0.6166666666666667,64.0,0.0380952380952381,False
BROKER,open_to_Blow_atr,touch_Blow,475,logit,-1.966918841449138,-2.8007300693694286,-1.3996738967178506,0.0,2.0,0.0011904761904761906,True
BROKER,open_to_Blow_atr,seq_low_first,475,logit,-2.7975058100676806,-4.275534063654777,-2.069580381242745,0.0,3.0,0.0017857142857142859,True
BROKER,open_to_Blow_atr,dn60_atr,475,ols,-0.021272076600382703,-0.04894680065266139,0.0042781103386093184,0.12,15.0,0.008928571428571428,False
BROKER,open_to_Blow_atr,net60_atr,475,ols,-0.006150321686575307,-0.03745325960884482,0.03239180731125613,0.74,67.0,0.039880952380952385,False
BROKER,open_to_Blow_atr,ret_close_atr,475,ols,-0.10585895067956366,-0.2839365153016534,0.08978849659652006,0.3333333333333333,39.0,0.023214285714285715,False
BROKER,open_to_Blow_atr,mfe_down_atr,475,ols,-0.0669288482859968,-0.1734675057519562,0.030882177653707273,0.18,24.0,0.014285714285714287,False
