sessdef,variable,variable_label,outcome,outcome_label,n,spearman_rho,spearman_p,lo_tercile,mid_tercile,hi_tercile,hi_minus_lo,welch_p,bh_rank,bh_crit,survives_BH05
RTH,A_range_atr,Thu range / ATR,touch_Blow,Mon touches Fri low,467,-0.1098737537139738,0.01753830869821054,0.5128205128205128,0.47096774193548385,0.41025641025641024,-0.10256410256410253,0.0695932745877021,23.0,0.01916666666666667,True
RTH,A_range_atr,Thu range / ATR,seq_low_first,Mon reaches Fri low BEFORE Fri high,467,-0.06527380476058375,0.15904202853710994,0.4230769230769231,0.43870967741935485,0.3717948717948718,-0.051282051282051266,0.35630920823658085,46.0,0.03833333333333334,False
RTH,A_range_atr,Thu range / ATR,dn60_atr,Mon down-excursion in first 60m / ATR,467,0.12331257239535356,0.0076337271539144705,0.20377512197219153,0.26304721359983724,0.26586104267885563,0.062085920706664105,0.03148724735259715,22.0,0.018333333333333333,True
RTH,A_range_atr,Thu range / ATR,net60_atr,Mon (down - up) excursion first 60m / ATR,467,0.006061439395385412,0.8960609145958756,-0.06085420525680256,0.00011299421807162988,-0.06295861726385903,-0.0021044120070564665,0.9662128175029123,57.0,0.0475,False
RTH,A_range_atr,Thu range / ATR,ret_close_atr,Mon close - open / ATR,467,0.08931718583316309,0.05375016926412154,0.050655053701289615,-0.03571184259182507,0.13559993336634468,0.08494487966505507,0.2558819086295014,30.0,0.025,False
RTH,A_range_atr,Thu range / ATR,mfe_down_atr,Mon max down-excursion / ATR,467,0.07076435685375518,0.12674926080000734,0.3894881645592535,0.5236264129980861,0.4962979620801325,0.10680979752087899,0.049370448505576196,44.0,0.03666666666666667,False
RTH,A_close_loc,Thu close location in Thu range,touch_Blow,Mon touches Fri low,467,0.08426839694329784,0.06884853901629118,0.42948717948717946,0.41935483870967744,0.5448717948717948,0.11538461538461536,0.04161001749993288,33.0,0.027500000000000004,False
RTH,A_close_loc,Thu close location in Thu range,seq_low_first,Mon reaches Fri low BEFORE Fri high,467,0.04832586126763515,0.29734635702664414,0.391025641025641,0.3870967741935484,0.4551282051282051,0.0641025641025641,0.25323669740665544,47.0,0.03916666666666667,False
RTH,A_close_loc,Thu close location in Thu range,dn60_atr,Mon down-excursion in first 60m / ATR,467,-0.02502947803191078,0.5895235777475434,0.25602911353174546,0.21111011182220962,0.26521122275732906,0.009182109225583601,0.7760804933724519,53.0,0.044166666666666674,False
RTH,A_close_loc,Thu close location in Thu range,net60_atr,Mon (down - up) excursion first 60m / ATR,467,0.002463929013583014,0.9576495704359795,-0.03315483917296387,-0.09516724270775481,0.004011482828604166,0.03716632200156804,0.4728895720089503,59.0,0.04916666666666667,False
RTH,A_close_loc,Thu close location in Thu range,ret_close_atr,Mon close - open / ATR,467,-0.1364189197747331,0.0031372632266821725,0.15112234314716738,0.06635303438129485,-0.06627797102077403,-0.21740031416794142,0.0030624623911427837,20.0,0.016666666666666666,True
RTH,A_close_loc,Thu close location in Thu range,mfe_down_atr,Mon max down-excursion / ATR,467,0.06908060058306059,0.13606002862809774,0.43924509186021676,0.4447554024542085,0.5249064619221246,0.08566137006190788,0.13269377164434562,45.0,0.0375,False
RTH,shortfall_atr,(Thu high - Fri high) / ATR,touch_Blow,Mon touches Fri low,467,0.03888575457529334,0.40180982491130324,0.44871794871794873,0.4838709677419355,0.46153846153846156,0.01282051282051283,0.8208361786018348,50.5,0.04208333333333334,False
RTH,shortfall_atr,(Thu high - Fri high) / ATR,seq_low_first,Mon reaches Fri low BEFORE Fri high,467,0.08054309736778263,0.08208540874360826,0.3717948717948718,0.4258064516129032,0.4358974358974359,0.0641025641025641,0.24997514452338532,36.5,0.030416666666666668,False
RTH,shortfall_atr,(Thu high - Fri high) / ATR,dn60_atr,Mon down-excursion in first 60m / ATR,467,0.09455155867276954,0.04111404481570359,0.24318775104113483,0.2298978811661141,0.2593852503229065,0.016197499281771666,0.6025392785408011,26.5,0.022083333333333337,False
RTH,shortfall_atr,(Thu high - Fri high) / ATR,net60_atr,Mon (down - up) excursion first 60m / ATR,467,-0.02198754886442712,0.6355435122768063,0.0011049559233455952,-0.03666148781472514,-0.08837903027039502,-0.08948398619374062,0.0905818128532882,54.5,0.04541666666666667,False
RTH,shortfall_atr,(Thu high - Fri high) / ATR,ret_close_atr,Mon close - open / ATR,467,0.07827746016440174,0.09109489520341042,0.016395105498082835,0.04921497092762585,0.08547747070086627,0.06908236520278344,0.3956730702679966,39.5,0.03291666666666667,False
RTH,shortfall_atr,(Thu high - Fri high) / ATR,mfe_down_atr,Mon max down-excursion / ATR,467,0.07195425893396909,0.12047313100910442,0.42911000517966086,0.4475676465519639,0.5322473317106798,0.10313732653101898,0.08275517250074997,42.5,0.035416666666666666,False
RTH,fri_min_gap_to_Ahigh_atr,closest Fri approach to Thu high / ATR,touch_Blow,Mon touches Fri low,467,0.03888575457529334,0.40180982491130324,0.44871794871794873,0.4838709677419355,0.46153846153846156,0.01282051282051283,0.8208361786018348,50.5,0.04208333333333334,False
RTH,fri_min_gap_to_Ahigh_atr,closest Fri approach to Thu high / ATR,seq_low_first,Mon reaches Fri low BEFORE Fri high,467,0.08054309736778263,0.08208540874360826,0.3717948717948718,0.4258064516129032,0.4358974358974359,0.0641025641025641,0.24997514452338532,36.5,0.030416666666666668,False
RTH,fri_min_gap_to_Ahigh_atr,closest Fri approach to Thu high / ATR,dn60_atr,Mon down-excursion in first 60m / ATR,467,0.09455155867276954,0.04111404481570359,0.24318775104113483,0.2298978811661141,0.2593852503229065,0.016197499281771666,0.6025392785408011,26.5,0.022083333333333337,False
RTH,fri_min_gap_to_Ahigh_atr,closest Fri approach to Thu high / ATR,net60_atr,Mon (down - up) excursion first 60m / ATR,467,-0.02198754886442712,0.6355435122768063,0.0011049559233455952,-0.03666148781472514,-0.08837903027039502,-0.08948398619374062,0.0905818128532882,54.5,0.04541666666666667,False
RTH,fri_min_gap_to_Ahigh_atr,closest Fri approach to Thu high / ATR,ret_close_atr,Mon close - open / ATR,467,0.07827746016440174,0.09109489520341042,0.016395105498082835,0.04921497092762585,0.08547747070086627,0.06908236520278344,0.3956730702679966,39.5,0.03291666666666667,False
RTH,fri_min_gap_to_Ahigh_atr,closest Fri approach to Thu high / ATR,mfe_down_atr,Mon max down-excursion / ATR,467,0.07195425893396909,0.12047313100910442,0.42911000517966086,0.4475676465519639,0.5322473317106798,0.10313732653101898,0.08275517250074997,42.5,0.035416666666666666,False
RTH,fri_frac_closest,when Fri came closest to Thu high (frac of session),touch_Blow,Mon touches Fri low,467,-0.2170501510017378,2.196167533600842e-06,0.5796178343949044,0.487012987012987,0.3269230769230769,-0.2526947574718275,5.4372153287808245e-06,9.5,0.007916666666666667,True
RTH,fri_frac_closest,when Fri came closest to Thu high (frac of session),seq_low_first,Mon reaches Fri low BEFORE Fri high,467,-0.28113772341783866,6.23704778577507e-10,0.5605095541401274,0.42207792207792205,0.25,-0.3105095541401274,1.0742900536904657e-08,3.5,0.002916666666666667,True
RTH,fri_frac_closest,when Fri came closest to Thu high (frac of session),dn60_atr,Mon down-excursion in first 60m / ATR,467,-0.19681407186456581,1.8376150315649923e-05,0.287509070954138,0.255075718213282,0.1898395836467501,-0.09766948730738792,0.0003816308727377618,13.5,0.011250000000000001,True
RTH,fri_frac_closest,when Fri came closest to Thu high (frac of session),net60_atr,Mon (down - up) excursion first 60m / ATR,467,-0.09261633501006013,0.04545780147261258,-0.03726330540461194,-0.011445897516558787,-0.074899224636846,-0.03763591923223407,0.4520886772023931,28.5,0.02375,False
RTH,fri_frac_closest,when Fri came closest to Thu high (frac of session),ret_close_atr,Mon close - open / ATR,467,0.0475730037596098,0.30494481641251003,0.04590394097670264,0.05360715391190564,0.05165398682719411,0.005750045850491471,0.9399078039817639,48.5,0.04041666666666667,False
RTH,fri_frac_closest,when Fri came closest to Thu high (frac of session),mfe_down_atr,Mon max down-excursion / ATR,467,-0.1400958170538493,0.002410464561184823,0.5297638054382324,0.4673696018674361,0.4115185489042303,-0.11824525653400214,0.04345692279714047,18.5,0.015416666666666667,True
RTH,fri_frac_high,when Fri made its high (frac of session),touch_Blow,Mon touches Fri low,467,-0.2170501510017378,2.196167533600842e-06,0.5796178343949044,0.487012987012987,0.3269230769230769,-0.2526947574718275,5.4372153287808245e-06,9.5,0.007916666666666667,True
RTH,fri_frac_high,when Fri made its high (frac of session),seq_low_first,Mon reaches Fri low BEFORE Fri high,467,-0.28113772341783866,6.23704778577507e-10,0.5605095541401274,0.42207792207792205,0.25,-0.3105095541401274,1.0742900536904657e-08,3.5,0.002916666666666667,True
RTH,fri_frac_high,when Fri made its high (frac of session),dn60_atr,Mon down-excursion in first 60m / ATR,467,-0.19681407186456581,1.8376150315649923e-05,0.287509070954138,0.255075718213282,0.1898395836467501,-0.09766948730738792,0.0003816308727377618,13.5,0.011250000000000001,True
RTH,fri_frac_high,when Fri made its high (frac of session),net60_atr,Mon (down - up) excursion first 60m / ATR,467,-0.09261633501006013,0.04545780147261258,-0.03726330540461194,-0.011445897516558787,-0.074899224636846,-0.03763591923223407,0.4520886772023931,28.5,0.02375,False
RTH,fri_frac_high,when Fri made its high (frac of session),ret_close_atr,Mon close - open / ATR,467,0.0475730037596098,0.30494481641251003,0.04590394097670264,0.05360715391190564,0.05165398682719411,0.005750045850491471,0.9399078039817639,48.5,0.04041666666666667,False
RTH,fri_frac_high,when Fri made its high (frac of session),mfe_down_atr,Mon max down-excursion / ATR,467,-0.1400958170538493,0.002410464561184823,0.5297638054382324,0.4673696018674361,0.4115185489042303,-0.11824525653400214,0.04345692279714047,18.5,0.015416666666666667,True
RTH,B_range_atr,Fri range / ATR,touch_Blow,Mon touches Fri low,467,-0.0033121363438415297,0.9430919467298107,0.4551282051282051,0.47096774193548385,0.46794871794871795,0.01282051282051283,0.8210255853410405,58.0,0.04833333333333334,False
RTH,B_range_atr,Fri range / ATR,seq_low_first,Mon reaches Fri low BEFORE Fri high,467,0.08444919547660094,0.06825343482847301,0.34615384615384615,0.44516129032258067,0.4423076923076923,0.09615384615384615,0.08274665429368568,32.0,0.02666666666666667,False
RTH,B_range_atr,Fri range / ATR,dn60_atr,Mon down-excursion in first 60m / ATR,467,0.2578644704005383,1.5725681079307783e-08,0.1904388166659302,0.22724027000762367,0.3147747598876368,0.1243359432217066,8.748853745325033e-05,5.0,0.004166666666666667,True
RTH,B_range_atr,Fri range / ATR,net60_atr,Mon (down - up) excursion first 60m / ATR,467,0.07613542559917467,0.10032564665606587,-0.06476170833638774,-0.030911458155180933,-0.028225536505721634,0.036536171830666105,0.489602208471814,41.0,0.03416666666666667,False
RTH,B_range_atr,Fri range / ATR,ret_close_atr,Mon close - open / ATR,467,0.07852712854964466,0.09006478400591554,0.0327397166490186,0.0052256913114786365,0.11284015660443572,0.08010043995541713,0.3295292499663054,38.0,0.03166666666666667,False
RTH,B_range_atr,Fri range / ATR,mfe_down_atr,Mon max down-excursion / ATR,467,0.15853103471762106,0.0005850074230777645,0.3964025691299761,0.41105193634533926,0.6012364029015621,0.20483383377158598,0.0008396251258144073,16.0,0.013333333333333334,True
RTH,B_close_loc,Fri close location in Fri range,touch_Blow,Mon touches Fri low,467,-0.35414418461163644,3.02797515441304e-15,0.6666666666666666,0.4774193548387097,0.25,-0.41666666666666663,1.2633858201726646e-14,2.0,0.0016666666666666668,True
RTH,B_close_loc,Fri close location in Fri range,seq_low_first,Mon reaches Fri low BEFORE Fri high,467,-0.3722095781232085,8.585352610123986e-17,0.6346153846153846,0.4,0.1987179487179487,-0.4358974358974359,2.6251817122405314e-16,1.0,0.0008333333333333334,True
RTH,B_close_loc,Fri close location in Fri range,dn60_atr,Mon down-excursion in first 60m / ATR,467,-0.24349311743602867,9.917423911588806e-08,0.3144400627240894,0.21445909777902708,0.20347275546686516,-0.11096730725722426,0.00015273284286783124,6.0,0.005000000000000001,True
RTH,B_close_loc,Fri close location in Fri range,net60_atr,Mon (down - up) excursion first 60m / ATR,467,-0.10403848172717645,0.0245526206321026,0.008404293728960455,-0.07197646887241851,-0.060589765102019674,-0.06899405883098013,0.17390752124777542,24.0,0.020000000000000004,False
RTH,B_close_loc,Fri close location in Fri range,ret_close_atr,Mon close - open / ATR,467,0.031890486540474085,0.49177576430071246,0.04063500982879294,0.046729701517073306,0.06370690456653846,0.023071894737745527,0.7679152924420034,52.0,0.043333333333333335,False
RTH,B_close_loc,Fri close location in Fri range,mfe_down_atr,Mon max down-excursion / ATR,467,-0.198660660633792,1.526926007565263e-05,0.556068354253845,0.45283303730942837,0.40005734438388685,-0.1560110098699582,0.007344359448966839,12.0,0.010000000000000002,True
RTH,fri_last_hour_ret_atr,Fri last-hour return / ATR,touch_Blow,Mon touches Fri low,467,-0.206371572193203,6.915723326984033e-06,0.5769230769230769,0.4967741935483871,0.32051282051282054,-0.25641025641025633,3.97336573769152e-06,11.0,0.009166666666666667,True
RTH,fri_last_hour_ret_atr,Fri last-hour return / ATR,seq_low_first,Mon reaches Fri low BEFORE Fri high,467,-0.22987871597434073,5.118524498969612e-07,0.5256410256410257,0.44516129032258067,0.26282051282051283,-0.26282051282051283,1.4472873113035475e-06,7.0,0.005833333333333334,True
RTH,fri_last_hour_ret_atr,Fri last-hour return / ATR,dn60_atr,Mon down-excursion in first 60m / ATR,467,-0.1322734222722234,0.004191426674771875,0.27993294821619846,0.25987998800868195,0.1928501392978555,-0.08708280891834297,0.0014726978638391302,21.0,0.0175,True
RTH,fri_last_hour_ret_atr,Fri last-hour return / ATR,net60_atr,Mon (down - up) excursion first 60m / ATR,467,-0.08924802333097451,0.05393665954280452,-0.02408218311291752,0.00882177278555484,-0.10838359247158959,-0.08430140935867207,0.08908597781201603,31.0,0.025833333333333333,False
RTH,fri_last_hour_ret_atr,Fri last-hour return / ATR,ret_close_atr,Mon close - open / ATR,467,-0.0022166169568546166,0.9618970097472144,0.0894081074102159,-0.021924779501382635,0.08314819517653008,-0.006259912233685827,0.9385848711167577,60.0,0.05,False
RTH,fri_last_hour_ret_atr,Fri last-hour return / ATR,mfe_down_atr,Mon max down-excursion / ATR,467,-0.09676181445282031,0.03658692839209895,0.5144630475325451,0.46360268761932144,0.43096203701522884,-0.08350101051731629,0.16365933877583386,25.0,0.020833333333333332,False
RTH,B_body_ratio,Fri body / range,touch_Blow,Mon touches Fri low,467,0.1543328146370774,0.0008190008147910042,0.38461538461538464,0.4645161290322581,0.5448717948717948,0.1602564102564102,0.004443142690904454,17.0,0.014166666666666668,True
RTH,B_body_ratio,Fri body / range,seq_low_first,Mon reaches Fri low BEFORE Fri high,467,0.21867693048872125,1.834539921267992e-06,0.28846153846153844,0.41935483870967744,0.5256410256410257,0.23717948717948723,1.6331854978289775e-05,8.0,0.006666666666666667,True
RTH,B_body_ratio,Fri body / range,dn60_atr,Mon down-excursion in first 60m / ATR,467,0.16592259003004203,0.0003169970364915035,0.20760859797061648,0.22471488917772378,0.3001141710741972,0.09250557310358071,0.0023721449960217335,15.0,0.0125,True
RTH,B_body_ratio,Fri body / range,net60_atr,Mon (down - up) excursion first 60m / ATR,467,0.08301079099987298,0.07310654228714629,-0.062126371642468654,-0.050654106924597944,-0.011244779871053307,0.050881591771415345,0.31623418294472716,34.0,0.028333333333333335,False
RTH,B_body_ratio,Fri body / range,ret_close_atr,Mon close - open / ATR,467,0.012522065430319192,0.7872452683321226,0.04934317253995031,0.030445337897553482,0.071178718528622,0.021835545988671684,0.7809012533747746,56.0,0.04666666666666667,False
RTH,B_body_ratio,Fri body / range,mfe_down_atr,Mon max down-excursion / ATR,467,0.08095882142315297,0.08051321222641841,0.42995365453844886,0.4453186242950164,0.5336382877995,0.1036846332610511,0.07432730449518014,35.0,0.029166666666666667,False
BROKER,A_range_atr,Thu range / ATR,touch_Blow,Mon touches Fri low,475,-0.067341324733543,0.14279352574243673,0.5157232704402516,0.5189873417721519,0.45569620253164556,-0.06002706790860601,0.2864565017474258,34.0,0.028333333333333335,False
BROKER,A_range_atr,Thu range / ATR,seq_low_first,Mon reaches Fri low BEFORE Fri high,475,-0.07947045454743792,0.08359593413358499,0.4591194968553459,0.46835443037974683,0.3860759493670886,-0.07304354748825731,0.18917938915361732,29.0,0.02416666666666667,False
BROKER,A_range_atr,Thu range / ATR,dn60_atr,Mon down-excursion in first 60m / ATR,475,0.09750825394546808,0.03361925651259206,0.08843547188762721,0.11066962861810108,0.13767590857544307,0.04924043668781586,0.004669406567996426,24.0,0.020000000000000004,False
BROKER,A_range_atr,Thu range / ATR,net60_atr,Mon (down - up) excursion first 60m / ATR,475,0.004662325956365224,0.9192759108580556,-0.026671968914177824,0.008506872608194686,0.008776520994770979,0.035448489908948805,0.15095414929492312,58.0,0.04833333333333334,False
BROKER,A_range_atr,Thu range / ATR,ret_close_atr,Mon close - open / ATR,475,-0.01703267849444908,0.7111832561905467,0.12735554815013073,0.046648326116406104,0.05323523426864575,-0.07412031388148498,0.3931286772361262,52.0,0.043333333333333335,False
BROKER,A_range_atr,Thu range / ATR,mfe_down_atr,Mon max down-excursion / ATR,475,0.1366898081082716,0.0028333780067259957,0.4585562682227485,0.5423627640335967,0.6487947531086325,0.19023848488588407,0.0025927443884270506,15.0,0.0125,True
BROKER,A_close_loc,Thu close location in Thu range,touch_Blow,Mon touches Fri low,475,0.08518232321516109,0.06359809326247655,0.43670886075949367,0.5126582278481012,0.5408805031446541,0.10417164238516041,0.06389500566380361,27.0,0.022500000000000003,False
BROKER,A_close_loc,Thu close location in Thu range,seq_low_first,Mon reaches Fri low BEFORE Fri high,475,0.05790078678281011,0.207795472860409,0.3987341772151899,0.43670886075949367,0.4779874213836478,0.07925324416845791,0.156016619917815,37.0,0.030833333333333334,False
BROKER,A_close_loc,Thu close location in Thu range,dn60_atr,Mon down-excursion in first 60m / ATR,475,-0.05509233368349313,0.230739416068627,0.1302941821958988,0.10236140090789782,0.1040267470208354,-0.0262674351750634,0.14771217164224656,38.0,0.03166666666666667,False
BROKER,A_close_loc,Thu close location in Thu range,net60_atr,Mon (down - up) excursion first 60m / ATR,475,-0.034652864476903356,0.45116266667111715,0.009425494469833439,-0.0017541888816942869,-0.01712033428309236,-0.0265458287529258,0.2648948068382793,48.0,0.04000000000000001,False
BROKER,A_close_loc,Thu close location in Thu range,ret_close_atr,Mon close - open / ATR,475,-0.13235859567011352,0.003854719667868515,0.16433202400627095,0.07281391988833869,-0.009043549928549353,-0.1733755739348203,0.04624433234749471,16.0,0.013333333333333334,True
BROKER,A_close_loc,Thu close location in Thu range,mfe_down_atr,Mon max down-excursion / ATR,475,0.040491168490242965,0.3785773722214263,0.5449025283709533,0.5257372725282167,0.5783160114076752,0.03341348303672187,0.6099215990296474,44.0,0.03666666666666667,False
BROKER,shortfall_atr,(Thu high - Fri high) / ATR,touch_Blow,Mon touches Fri low,475,-0.0029172028498342844,0.9494387655088974,0.4873417721518987,0.5126582278481012,0.49056603773584906,0.0032242655839503365,0.9543910804344972,59.5,0.04958333333333333,False
BROKER,shortfall_atr,(Thu high - Fri high) / ATR,seq_low_first,Mon reaches Fri low BEFORE Fri high,475,0.009624342431562771,0.8342844137077183,0.4240506329113924,0.45569620253164556,0.4339622641509434,0.009911631239551022,0.8590544855842959,56.5,0.04708333333333334,False
BROKER,shortfall_atr,(Thu high - Fri high) / ATR,dn60_atr,Mon down-excursion in first 60m / ATR,475,0.11618604871891343,0.011272624894458565,0.0882968888814385,0.113974147571799,0.13422019589371809,0.04592330701227959,0.0008118025784773968,18.5,0.015416666666666667,True
BROKER,shortfall_atr,(Thu high - Fri high) / ATR,net60_atr,Mon (down - up) excursion first 60m / ATR,475,0.054173520174225595,0.23862156919134217,-0.017818030227635184,-0.010832737773806604,0.0189732985920887,0.036791328819723884,0.0649064122693708,39.5,0.03291666666666667,False
BROKER,shortfall_atr,(Thu high - Fri high) / ATR,ret_close_atr,Mon close - open / ATR,475,0.06451620488301918,0.1603616727025351,0.03778240274313263,0.059862675682771566,0.12957995160639066,0.09179754886325803,0.32644392940855804,35.5,0.029583333333333336,False
BROKER,shortfall_atr,(Thu high - Fri high) / ATR,mfe_down_atr,Mon max down-excursion / ATR,475,0.08617825824192005,0.06055159135813299,0.5219214075432989,0.4855711278638574,0.6410661242865316,0.11914471674323279,0.08739456703660645,25.5,0.02125,False
BROKER,fri_min_gap_to_Ahigh_atr,closest Fri approach to Thu high / ATR,touch_Blow,Mon touches Fri low,475,-0.0029172028498342844,0.9494387655088974,0.4873417721518987,0.5126582278481012,0.49056603773584906,0.0032242655839503365,0.9543910804344972,59.5,0.04958333333333333,False
BROKER,fri_min_gap_to_Ahigh_atr,closest Fri approach to Thu high / ATR,seq_low_first,Mon reaches Fri low BEFORE Fri high,475,0.009624342431562771,0.8342844137077183,0.4240506329113924,0.45569620253164556,0.4339622641509434,0.009911631239551022,0.8590544855842959,56.5,0.04708333333333334,False
BROKER,fri_min_gap_to_Ahigh_atr,closest Fri approach to Thu high / ATR,dn60_atr,Mon down-excursion in first 60m / ATR,475,0.11618604871891343,0.011272624894458565,0.0882968888814385,0.113974147571799,0.13422019589371809,0.04592330701227959,0.0008118025784773968,18.5,0.015416666666666667,True
BROKER,fri_min_gap_to_Ahigh_atr,closest Fri approach to Thu high / ATR,net60_atr,Mon (down - up) excursion first 60m / ATR,475,0.054173520174225595,0.23862156919134217,-0.017818030227635184,-0.010832737773806604,0.0189732985920887,0.036791328819723884,0.0649064122693708,39.5,0.03291666666666667,False
BROKER,fri_min_gap_to_Ahigh_atr,closest Fri approach to Thu high / ATR,ret_close_atr,Mon close - open / ATR,475,0.06451620488301918,0.1603616727025351,0.03778240274313263,0.059862675682771566,0.12957995160639066,0.09179754886325803,0.32644392940855804,35.5,0.029583333333333336,False
BROKER,fri_min_gap_to_Ahigh_atr,closest Fri approach to Thu high / ATR,mfe_down_atr,Mon max down-excursion / ATR,475,0.08617825824192005,0.06055159135813299,0.5219214075432989,0.4855711278638574,0.6410661242865316,0.11914471674323279,0.08739456703660645,25.5,0.02125,False
BROKER,fri_frac_closest,when Fri came closest to Thu high (frac of session),touch_Blow,Mon touches Fri low,475,-0.20367720831007097,7.66504577492925e-06,0.620253164556962,0.5157232704402516,0.35443037974683544,-0.26582278481012656,1.6289481905776118e-06,10.5,0.00875,True
BROKER,fri_frac_closest,when Fri came closest to Thu high (frac of session),seq_low_first,Mon reaches Fri low BEFORE Fri high,475,-0.24676401474952522,5.0823040417333044e-08,0.569620253164557,0.49056603773584906,0.25316455696202533,-0.31645569620253167,5.014786497921731e-09,6.5,0.005416666666666667,True
BROKER,fri_frac_closest,when Fri came closest to Thu high (frac of session),dn60_atr,Mon down-excursion in first 60m / ATR,475,-0.1051578061959448,0.02189518754331593,0.13468312359659287,0.10041651607369029,0.10160554001730551,-0.03307758357928736,0.06252068254251444,22.5,0.01875,False
BROKER,fri_frac_closest,when Fri came closest to Thu high (frac of session),net60_atr,Mon (down - up) excursion first 60m / ATR,475,-0.03733208731427629,0.4169217574310534,0.0209062701726867,-0.02500718353755398,-0.005298198562652622,-0.026204468735339322,0.2790371901077346,46.5,0.03875,False
BROKER,fri_frac_closest,when Fri came closest to Thu high (frac of session),ret_close_atr,Mon close - open / ATR,475,0.009815805845244543,0.8310368096238375,0.025082824241060616,0.11575484111923628,0.08647486537128371,0.06139204113022309,0.5011400352937073,54.5,0.04541666666666667,False
BROKER,fri_frac_closest,when Fri came closest to Thu high (frac of session),mfe_down_atr,Mon max down-excursion / ATR,475,-0.07005733847641374,0.1273301469292552,0.6568634377810508,0.4982309534060687,0.49436828857543197,-0.16249514920561886,0.012419570737839444,30.5,0.025416666666666667,False
BROKER,fri_frac_high,when Fri made its high (frac of session),touch_Blow,Mon touches Fri low,475,-0.20367720831007097,7.66504577492925e-06,0.620253164556962,0.5157232704402516,0.35443037974683544,-0.26582278481012656,1.6289481905776118e-06,10.5,0.00875,True
BROKER,fri_frac_high,when Fri made its high (frac of session),seq_low_first,Mon reaches Fri low BEFORE Fri high,475,-0.24676401474952522,5.0823040417333044e-08,0.569620253164557,0.49056603773584906,0.25316455696202533,-0.31645569620253167,5.014786497921731e-09,6.5,0.005416666666666667,True
BROKER,fri_frac_high,when Fri made its high (frac of session),dn60_atr,Mon down-excursion in first 60m / ATR,475,-0.1051578061959448,0.02189518754331593,0.13468312359659287,0.10041651607369029,0.10160554001730551,-0.03307758357928736,0.06252068254251444,22.5,0.01875,False
BROKER,fri_frac_high,when Fri made its high (frac of session),net60_atr,Mon (down - up) excursion first 60m / ATR,475,-0.03733208731427629,0.4169217574310534,0.0209062701726867,-0.02500718353755398,-0.005298198562652622,-0.026204468735339322,0.2790371901077346,46.5,0.03875,False
BROKER,fri_frac_high,when Fri made its high (frac of session),ret_close_atr,Mon close - open / ATR,475,0.009815805845244543,0.8310368096238375,0.025082824241060616,0.11575484111923628,0.08647486537128371,0.06139204113022309,0.5011400352937073,54.5,0.04541666666666667,False
BROKER,fri_frac_high,when Fri made its high (frac of session),mfe_down_atr,Mon max down-excursion / ATR,475,-0.07005733847641374,0.1273301469292552,0.6568634377810508,0.4982309534060687,0.49436828857543197,-0.16249514920561886,0.012419570737839444,30.5,0.025416666666666667,False
BROKER,B_range_atr,Fri range / ATR,touch_Blow,Mon touches Fri low,475,0.04989952243137591,0.27776857223411316,0.49056603773584906,0.4430379746835443,0.5569620253164557,0.06639598758060661,0.23795221199076352,42.0,0.035,False
BROKER,B_range_atr,Fri range / ATR,seq_low_first,Mon reaches Fri low BEFORE Fri high,475,0.1212790932131656,0.008144357395827206,0.37735849056603776,0.3987341772151899,0.5379746835443038,0.16061619297826601,0.004010530064558104,17.0,0.014166666666666668,True
BROKER,B_range_atr,Fri range / ATR,dn60_atr,Mon down-excursion in first 60m / ATR,475,0.2830648738246091,3.3438644261815323e-10,0.07140364845649359,0.1014613462031808,0.1640238107723269,0.0926201623158333,6.048691361314938e-07,5.0,0.004166666666666667,True
BROKER,B_range_atr,Fri range / ATR,net60_atr,Mon (down - up) excursion first 60m / ATR,475,0.03441022511602909,0.45434006900084256,-0.015546867969551357,-0.009987034365828817,0.016074914992872908,0.031621782962424266,0.20832587048453258,49.0,0.04083333333333334,False
BROKER,B_range_atr,Fri range / ATR,ret_close_atr,Mon close - open / ATR,475,0.027781814924504114,0.5458357408205454,0.07146975387666646,0.08434653540850533,0.0717765268087036,0.00030677293203713873,0.9974406227825579,50.0,0.041666666666666664,False
BROKER,B_range_atr,Fri range / ATR,mfe_down_atr,Mon max down-excursion / ATR,475,0.2148530713006739,2.294656515719007e-06,0.43060451031721164,0.46893963247408454,0.7503465524338431,0.31974204211663143,3.533462808374642e-06,9.0,0.007500000000000001,True
BROKER,B_close_loc,Fri close location in Fri range,touch_Blow,Mon touches Fri low,475,-0.43291290291540774,4.056506610877959e-23,0.7468354430379747,0.4873417721518987,0.2578616352201258,-0.4889738078178489,1.8525879167808183e-20,2.0,0.0016666666666666668,True
BROKER,B_close_loc,Fri close location in Fri range,seq_low_first,Mon reaches Fri low BEFORE Fri high,475,-0.5150106326240116,1.5629482772632292e-33,0.7278481012658228,0.4430379746835443,0.14465408805031446,-0.5831940132155083,1.5184449478316347e-30,1.0,0.0008333333333333334,True
BROKER,B_close_loc,Fri close location in Fri range,dn60_atr,Mon down-excursion in first 60m / ATR,475,-0.04324611414840443,0.3469693992311488,0.11736950479509856,0.11605935978962399,0.10325832894544992,-0.014111175849648633,0.41546073263788985,43.0,0.035833333333333335,False
BROKER,B_close_loc,Fri close location in Fri range,net60_atr,Mon (down - up) excursion first 60m / ATR,475,0.06931927734451543,0.1313976546113504,-0.02144983467451722,0.007452013815007345,0.004412508350420513,0.025862343024937735,0.2751788017337686,32.0,0.02666666666666667,False
BROKER,B_close_loc,Fri close location in Fri range,ret_close_atr,Mon close - open / ATR,475,-0.050873983170883284,0.26848072443714166,0.12675432793648944,0.06545846255558424,0.03560700502491406,-0.09114732291157537,0.29935742049242353,41.0,0.03416666666666667,False
BROKER,B_close_loc,Fri close location in Fri range,mfe_down_atr,Mon max down-excursion / ATR,475,-0.06772164991452741,0.14054551030801035,0.6012010613305621,0.5531373729127562,0.4951437845625469,-0.10605727676801519,0.09154498172141325,33.0,0.027500000000000004,False
BROKER,fri_last_hour_ret_atr,Fri last-hour return / ATR,touch_Blow,Mon touches Fri low,475,-0.19057011459022702,2.9047046769794768e-05,0.6352201257861635,0.445859872611465,0.4088050314465409,-0.2264150943396226,4.528166536444756e-05,12.0,0.010000000000000002,True
BROKER,fri_last_hour_ret_atr,Fri last-hour return / ATR,seq_low_first,Mon reaches Fri low BEFORE Fri high,475,-0.24289859725188484,8.304296080789147e-08,0.5911949685534591,0.40764331210191085,0.31446540880503143,-0.27672955974842767,4.737225765914137e-07,8.0,0.006666666666666667,True
BROKER,fri_last_hour_ret_atr,Fri last-hour return / ATR,dn60_atr,Mon down-excursion in first 60m / ATR,475,0.010956118212829739,0.8117561698982344,0.12134895571975797,0.08864827571918993,0.12633692867520982,0.00498797295545185,0.7945143943241098,53.0,0.044166666666666674,False
BROKER,fri_last_hour_ret_atr,Fri last-hour return / ATR,net60_atr,Mon (down - up) excursion first 60m / ATR,475,0.08330177640676525,0.06969461266679287,-0.02480415014719501,-0.00478336060558804,0.020030066794941067,0.044834216942136074,0.08535979847074635,28.0,0.023333333333333334,False
BROKER,fri_last_hour_ret_atr,Fri last-hour return / ATR,ret_close_atr,Mon close - open / ATR,475,-0.10978249794254812,0.016684443491991042,0.1354992096499548,0.06379849438406462,0.02811570279288061,-0.10738350685707418,0.2584337436594086,21.0,0.0175,True
BROKER,fri_last_hour_ret_atr,Fri last-hour return / ATR,mfe_down_atr,Mon max down-excursion / ATR,475,0.022357034346020713,0.6269407897497257,0.6078162881275243,0.4632446921844412,0.5769882256016075,-0.030828062525916855,0.6563926527646078,51.0,0.0425,False
BROKER,B_body_ratio,Fri body / range,touch_Blow,Mon touches Fri low,475,0.2907990630308491,1.0382563054312279e-10,0.34810126582278483,0.44654088050314467,0.6962025316455697,0.34810126582278483,1.890150997538293e-10,4.0,0.0033333333333333335,True
BROKER,B_body_ratio,Fri body / range,seq_low_first,Mon reaches Fri low BEFORE Fri high,475,0.33722334236893736,4.266623297258798e-14,0.25316455696202533,0.4025157232704403,0.6582278481012658,0.40506329113924044,5.242508685708384e-14,3.0,0.0025000000000000005,True
BROKER,B_body_ratio,Fri body / range,dn60_atr,Mon down-excursion in first 60m / ATR,475,0.13903026568365473,0.0023904675970195157,0.09525934518609705,0.095862095650566,0.14561256429664157,0.05035321911054452,0.006730722986916154,14.0,0.011666666666666667,True
BROKER,B_body_ratio,Fri body / range,net60_atr,Mon (down - up) excursion first 60m / ATR,475,0.040054977354032885,0.3837391436366624,-0.018253596719885037,-0.012567361347457819,0.021343113087986903,0.039596709807871944,0.11784428302526892,45.0,0.0375,False
BROKER,B_body_ratio,Fri body / range,ret_close_atr,Mon close - open / ATR,475,-0.11539421898006373,0.01184446050956544,0.20087401922325268,0.07643042751673695,-0.049743027314722306,-0.250617046537975,0.006892162307269828,20.0,0.016666666666666666,True
BROKER,B_body_ratio,Fri body / range,mfe_down_atr,Mon max down-excursion / ATR,475,0.1756519674984162,0.00011902857307024284,0.43824105486405557,0.4954181065557333,0.7158213211709292,0.27758026630687366,4.010862969210278e-05,13.0,0.010833333333333334,True
